id,title,title_alt,school_year,program,category,division,composer,arranger,publisher,score_name,performance_note,purchase_note,source_url,source_label,publisher_url,verification_status,last_verified_at,tags,notes
115-ind-001,月夜愁,,115,口琴獨奏,口琴(Harmonica)獨奏,國小組,鄧雨賢,茒永泰,高雄天韻口琴樂團,月夜愁,全曲演奏,請洽高雄天韻口琴樂團 0933649814,https://web.arte.gov.tw/music/upfile/www/115/115學年度全國學生音樂比賽【決賽】指定曲%20個人項目0715..pdf,115學年度個人項目指定曲,,official-pdf,2026-07-16,個人/複音口琴/指定曲,自選曲得使用半音階口琴
115-ind-002,愛爾蘭洗衣婦,Irish Washerwoman,115,口琴獨奏,口琴(Harmonica)獨奏,國小組,愛爾蘭吉格舞曲,盧怡臻,盧怡臻／茱蒂口琴樂團,,全曲演奏,請洽茱蒂口琴樂團,https://web.arte.gov.tw/music/upfile/www/115/115學年度全國學生音樂比賽【決賽】指定曲%20個人項目0715..pdf,115學年度個人項目指定曲,https://www.facebook.com/Judys.Harmonica.Ensemble/,official-pdf,2026-07-16,個人/複音口琴/指定曲,
115-ind-003,小步舞曲,Minuet,115,口琴獨奏,口琴(Harmonica)獨奏,國小組,J.S.Bach,陳鴻儀,獨特音樂(The Duet)工作室,,全曲演奏,請洽獨特音樂(The Duet)工作室,https://web.arte.gov.tw/music/upfile/www/115/115學年度全國學生音樂比賽【決賽】指定曲%20個人項目0715..pdf,115學年度個人項目指定曲,https://www.facebook.com/theduet.music/,official-pdf,2026-07-16,個人/複音口琴/指定曲,
115-ind-004,花燈迎天穿,客家歌謠,115,口琴獨奏,口琴(Harmonica)獨奏,國中組,林碧霞,范曉怡,狂響口琴樂團,花燈迎天穿(客家歌謠),不需反複,請洽狂響逗嘴鼓口琴樂坊或狂響口琴樂團,https://web.arte.gov.tw/music/upfile/www/115/115學年度全國學生音樂比賽【決賽】指定曲%20個人項目0715..pdf,115學年度個人項目指定曲,https://www.facebook.com/HarmonicaDrumRhapsody/,official-pdf,2026-07-16,個人/複音口琴/指定曲,
115-ind-005,山頂的黑狗兄,Fine Alpine Milkman,115,口琴獨奏,口琴(Harmonica)獨奏,國中組,Leslie Sarony,盧怡臻,盧怡臻／茱蒂口琴樂團,,全曲演奏,請洽茱蒂口琴樂團,https://web.arte.gov.tw/music/upfile/www/115/115學年度全國學生音樂比賽【決賽】指定曲%20個人項目0715..pdf,115學年度個人項目指定曲,https://www.facebook.com/Judys.Harmonica.Ensemble/,official-pdf,2026-07-16,個人/複音口琴/指定曲,
115-ind-006,白牡丹,,115,口琴獨奏,口琴(Harmonica)獨奏,國中組,陳秋霖,彭仁傑,音和樂器,,全曲演奏,請洽音和樂器 02-23419499 paul.harmonica@gmail.com,https://web.arte.gov.tw/music/upfile/www/115/115學年度全國學生音樂比賽【決賽】指定曲%20個人項目0715..pdf,115學年度個人項目指定曲,https://www.facebook.com/PeaceTones.harmonica/,official-pdf,2026-07-16,個人/複音口琴/指定曲,
115-ind-007,虞美人,,115,口琴獨奏,口琴(Harmonica)獨奏,高中職組,郭芝苑,丸玩琴音樂,丸玩琴音樂,虞美人,全曲演奏,請洽丸玩琴音樂 Facebook,https://web.arte.gov.tw/music/upfile/www/115/115學年度全國學生音樂比賽【決賽】指定曲%20個人項目0715..pdf,115學年度個人項目指定曲,https://www.facebook.com/HarpoMusic/,official-pdf,2026-07-16,個人/複音口琴/指定曲,
115-ind-008,草螟弄雞公,,115,口琴獨奏,口琴(Harmonica)獨奏,高中職組,臺灣民謠,盧怡臻,盧怡臻／茱蒂口琴樂團,,全曲演奏,請洽茱蒂口琴樂團,https://web.arte.gov.tw/music/upfile/www/115/115學年度全國學生音樂比賽【決賽】指定曲%20個人項目0715..pdf,115學年度個人項目指定曲,https://www.facebook.com/Judys.Harmonica.Ensemble/,official-pdf,2026-07-16,個人/複音口琴/指定曲,
115-ind-009,婚禮的祝福,La Novia,115,口琴獨奏,口琴(Harmonica)獨奏,高中職組,Joaquin Prieto,茒永泰,高雄口琴藝術合奏團,,全曲演奏,請洽高雄口琴藝術合奏團,https://web.arte.gov.tw/music/upfile/www/115/115學年度全國學生音樂比賽【決賽】指定曲%20個人項目0715..pdf,115學年度個人項目指定曲,,official-pdf,2026-07-16,個人/複音口琴/指定曲,
115-ind-010,紅薔薇,,115,口琴獨奏,口琴(Harmonica)獨奏,大專組,郭芝苑,丸玩琴音樂,丸玩琴音樂,紅薔薇,全曲演奏,請洽丸玩琴音樂 Facebook,https://web.arte.gov.tw/music/upfile/www/115/115學年度全國學生音樂比賽【決賽】指定曲%20個人項目0715..pdf,115學年度個人項目指定曲,https://www.facebook.com/HarpoMusic/,official-pdf,2026-07-16,個人/複音口琴/指定曲,
115-ind-011,瑞典狂想曲,,115,口琴獨奏,口琴(Harmonica)獨奏,大專組,Hugo Emil Alfvén,盧怡臻,盧怡臻／茱蒂口琴樂團,,全曲演奏,請洽茱蒂口琴樂團,https://web.arte.gov.tw/music/upfile/www/115/115學年度全國學生音樂比賽【決賽】指定曲%20個人項目0715..pdf,115學年度個人項目指定曲,https://www.facebook.com/Judys.Harmonica.Ensemble/,official-pdf,2026-07-16,個人/複音口琴/指定曲,
115-ind-012,聽拉氏有感,,115,口琴獨奏,口琴(Harmonica)獨奏,大專組,,林家靖,Rolabo工作室,,全曲演奏,請洽 Rolabo 工作室,https://web.arte.gov.tw/music/upfile/www/115/115學年度全國學生音樂比賽【決賽】指定曲%20個人項目0715..pdf,115學年度個人項目指定曲,https://www.facebook.com/HarmonicaLin/,official-pdf,2026-07-16,個人/複音口琴/指定曲,
115-qt-001,三拍三曲,,115,口琴四重奏,室內樂合奏-口琴四重奏,國中團體組,林家靖,,林家靖,,全曲演奏,請自行洽詢代訂譜商，例：黃石樂器、音和樂器、狂響逗嘴鼓口琴樂坊,https://web.arte.gov.tw/music/upfile/www/115/115學年度全國學生音樂比賽【決賽】指定曲_團體項目0715.pdf,115學年度團體項目指定曲,https://www.facebook.com/HarmonicaLin/,official-pdf,2026-07-16,四重奏/團體/指定曲,
115-qt-002,A Mam and His Dog,,115,口琴四重奏,室內樂合奏-口琴四重奏,國中團體組,Tommy Reilly,狂響阿E,狂響口琴樂團,,完整演奏,請洽原出版單位(者)或自行洽詢代訂譜商,https://web.arte.gov.tw/music/upfile/www/115/115學年度全國學生音樂比賽【決賽】指定曲_團體項目0715.pdf,115學年度團體項目指定曲,https://www.facebook.com/HarmonicaDrumRhapsody/,official-pdf,2026-07-16,四重奏/團體/指定曲,
115-qt-003,草螟弄雞公,,115,口琴四重奏,室內樂合奏-口琴四重奏,國中團體組,臺灣民謠,茱蒂口琴樂團,茱蒂口琴樂團,,全曲演奏,請洽原出版單位(者)或自行洽詢代訂譜商,https://web.arte.gov.tw/music/upfile/www/115/115學年度全國學生音樂比賽【決賽】指定曲_團體項目0715.pdf,115學年度團體項目指定曲,https://www.facebook.com/Judys.Harmonica.Ensemble/,official-pdf,2026-07-16,四重奏/團體/指定曲,
115-qt-004,Bulgarian Wedding Dance,,115,口琴四重奏,室內樂合奏-口琴四重奏,高中職團體組,James Moody,狂響口琴樂團,狂響口琴樂團,,完整演奏,請洽原出版單位(者)或自行洽詢代訂譜商,https://web.arte.gov.tw/music/upfile/www/115/115學年度全國學生音樂比賽【決賽】指定曲_團體項目0715.pdf,115學年度團體項目指定曲,https://www.facebook.com/HarmonicaDrumRhapsody/,official-pdf,2026-07-16,四重奏/團體/指定曲,
115-qt-005,流浪的吉他,,115,口琴四重奏,室內樂合奏-口琴四重奏,高中職團體組,Trid.,盧鴻麟,黃石口琴樂團,,完整演奏,請洽原出版單位(者)或自行洽詢代訂譜商,https://web.arte.gov.tw/music/upfile/www/115/115學年度全國學生音樂比賽【決賽】指定曲_團體項目0715.pdf,115學年度團體項目指定曲,,official-pdf,2026-07-16,四重奏/團體/指定曲,
115-qt-006,Cello Suite BWV 1007-5. Menuet,,115,口琴四重奏,室內樂合奏-口琴四重奏,高中職團體組,Johann Sebastian Bach,陳瑤容,獨特音樂(The Duet),,全曲演奏,請洽原出版單位(者)或自行洽詢代訂譜商,https://web.arte.gov.tw/music/upfile/www/115/115學年度全國學生音樂比賽【決賽】指定曲_團體項目0715.pdf,115學年度團體項目指定曲,https://www.facebook.com/theduet.music/,official-pdf,2026-07-16,四重奏/團體/指定曲,
115-qt-007,馬車夫舞曲,,115,口琴四重奏,室內樂合奏-口琴四重奏,大專團體組,新疆維吾爾族民謠,廖訓禎,台灣口琴藝術促進會,台灣口琴藝術促進會2016年11月12日編,全曲演奏,請洽原出版單位(者)或自行洽詢代訂譜商,https://web.arte.gov.tw/music/upfile/www/115/115學年度全國學生音樂比賽【決賽】指定曲_團體項目0715.pdf,115學年度團體項目指定曲,,official-pdf,2026-07-16,四重奏/團體/指定曲,
115-qt-008,美麗的多瑙河圓舞曲,,115,口琴四重奏,室內樂合奏-口琴四重奏,大專團體組,小約翰·史特勞斯,盧鴻麟,黃石口琴樂團,,完整演奏,請洽原出版單位(者)或自行洽詢代訂譜商,https://web.arte.gov.tw/music/upfile/www/115/115學年度全國學生音樂比賽【決賽】指定曲_團體項目0715.pdf,115學年度團體項目指定曲,,official-pdf,2026-07-16,四重奏/團體/指定曲,
115-qt-009,Wien bleibt Wien!,,115,口琴四重奏,室內樂合奏-口琴四重奏,大專團體組,Johann Schrammel,茱蒂口琴樂團,茱蒂口琴樂團,,不需反覆,請洽原出版單位(者)或自行洽詢代訂譜商,https://web.arte.gov.tw/music/upfile/www/115/115學年度全國學生音樂比賽【決賽】指定曲_團體項目0715.pdf,115學年度團體項目指定曲,https://www.facebook.com/Judys.Harmonica.Ensemble/,official-pdf,2026-07-16,四重奏/團體/指定曲,
115-ens-001,小蜜蜂變奏曲,,115,口琴合奏,口琴合奏,國小團體組,德國童謠,廖訓禎,台灣口琴樂團,台灣口琴樂團2018年5月11日版,完整演奏,請洽原出版單位(者)或自行洽詢代訂譜商,https://web.arte.gov.tw/music/upfile/www/115/115學年度全國學生音樂比賽【決賽】指定曲_團體項目0715.pdf,115學年度團體項目指定曲,,official-pdf,2026-07-16,合奏/團體/指定曲,
115-ens-002,丘の上の日光-選自Cov Suite No.2,,115,口琴合奏,口琴合奏,國小團體組,playko,,丸玩琴音樂,,完整演奏,請洽原出版單位(者)或自行洽詢代訂譜商,https://web.arte.gov.tw/music/upfile/www/115/115學年度全國學生音樂比賽【決賽】指定曲_團體項目0715.pdf,115學年度團體項目指定曲,https://www.facebook.com/HarpoMusic/,official-pdf,2026-07-16,合奏/團體/指定曲,
115-ens-003,嬉遊曲-選自K226,,115,口琴合奏,口琴合奏,國小團體組,Mozart,丸玩琴音樂,丸玩琴音樂,,完整演奏,請洽原出版單位(者)或自行洽詢代訂譜商,https://web.arte.gov.tw/music/upfile/www/115/115學年度全國學生音樂比賽【決賽】指定曲_團體項目0715.pdf,115學年度團體項目指定曲,https://www.facebook.com/HarpoMusic/,official-pdf,2026-07-16,合奏/團體/指定曲,
115-ens-004,茉莉花變奏曲,,115,口琴合奏,口琴合奏,國中團體組,江蘇民謠,廖訓禎,台灣口琴樂團,台灣口琴樂團合奏曲集111年11月16日版,演奏23~81小節,請洽原出版單位(者)或自行洽詢代訂譜商,https://web.arte.gov.tw/music/upfile/www/115/115學年度全國學生音樂比賽【決賽】指定曲_團體項目0715.pdf,115學年度團體項目指定曲,,official-pdf,2026-07-16,合奏/團體/指定曲,
115-ens-005,Classic Medley,,115,口琴合奏,口琴合奏,國中團體組,R.Wagner/G.Verdi/P. Gynt,陳瑤容,獨特音樂(The Duet)有限公司,,完整演奏,請洽原出版單位(者)或自行洽詢代訂譜商,https://web.arte.gov.tw/music/upfile/www/115/115學年度全國學生音樂比賽【決賽】指定曲_團體項目0715.pdf,115學年度團體項目指定曲,https://www.facebook.com/theduet.music/,official-pdf,2026-07-16,合奏/團體/指定曲,
115-ens-006,四月望雨,,115,口琴合奏,口琴合奏,國中團體組,鄧雨賢,丸玩琴音樂,丸玩琴音樂,,完整演奏,請洽原出版單位(者)或自行洽詢代訂譜商,https://web.arte.gov.tw/music/upfile/www/115/115學年度全國學生音樂比賽【決賽】指定曲_團體項目0715.pdf,115學年度團體項目指定曲,https://www.facebook.com/HarpoMusic/,official-pdf,2026-07-16,合奏/團體/指定曲,
115-ens-007,在雙頭鷹旗下,Under the Double Eagle,115,口琴合奏,口琴合奏,高中職團體組,Josef F. Wagner,廖訓禎,台灣口琴樂團,台灣口琴樂團2016年10月30日版,不反復的完整演奏,請洽原出版單位(者)或自行洽詢代訂譜商,https://web.arte.gov.tw/music/upfile/www/115/115學年度全國學生音樂比賽【決賽】指定曲_團體項目0715.pdf,115學年度團體項目指定曲,,official-pdf,2026-07-16,合奏/團體/指定曲,
115-ens-008,聖多娜之歌,Song Of Sedona,115,口琴合奏,口琴合奏,高中職團體組,Doris Gazda,吳常熙,台中市中華口琴會,,完整演奏,請洽原出版單位(者)或自行洽詢代訂譜商,https://web.arte.gov.tw/music/upfile/www/115/115學年度全國學生音樂比賽【決賽】指定曲_團體項目0715.pdf,115學年度團體項目指定曲,,official-pdf,2026-07-16,合奏/團體/指定曲,
115-ens-009,水上音樂,,115,口琴合奏,口琴合奏,高中職團體組,韓德爾,盧鴻麟,黃石口琴樂團,,完整演奏,請洽原出版單位(者)或自行洽詢代訂譜商,https://web.arte.gov.tw/music/upfile/www/115/115學年度全國學生音樂比賽【決賽】指定曲_團體項目0715.pdf,115學年度團體項目指定曲,,official-pdf,2026-07-16,合奏/團體/指定曲,
115-ens-010,農村酒歌,,115,口琴合奏,口琴合奏,大專團體組,呂泉生,吳常熙,台中市中華口琴會,,完整演奏,請洽原出版單位(者)或自行洽詢代訂譜商,https://web.arte.gov.tw/music/upfile/www/115/115學年度全國學生音樂比賽【決賽】指定曲_團體項目0715.pdf,115學年度團體項目指定曲,,official-pdf,2026-07-16,合奏/團體/指定曲,
115-ens-011,Ask Me Why,,115,口琴合奏,口琴合奏,大專團體組,久石讓,,狂響口琴樂團,,完整演奏,請洽原出版單位(者)或自行洽詢代訂譜商,https://web.arte.gov.tw/music/upfile/www/115/115學年度全國學生音樂比賽【決賽】指定曲_團體項目0715.pdf,115學年度團體項目指定曲,https://www.facebook.com/HarmonicaDrumRhapsody/,official-pdf,2026-07-16,合奏/團體/指定曲,
115-ens-012,The Seasons - June,,115,口琴合奏,口琴合奏,大專團體組,Tchaikovsky,陳瑤容,獨特音樂(The Duet),,全曲演奏,請洽原出版單位(者)或自行洽詢代訂譜商,https://web.arte.gov.tw/music/upfile/www/115/115學年度全國學生音樂比賽【決賽】指定曲_團體項目0715.pdf,115學年度團體項目指定曲,https://www.facebook.com/theduet.music/,official-pdf,2026-07-16,合奏/團體/指定曲,
114-qt-001,孩子的嘉年華,,114,口琴四重奏,室內樂合奏-口琴四重奏,國中團體組,L. Streabbog,盧怡臻,茱蒂口琴樂團,,完整演出,請洽原出版單位(者)：茱蒂口琴樂團或其他代訂譜商,https://web.arte.gov.tw/music/upfile/history/114學年度全國學生音樂比賽指定曲_團體組.pdf,114學年度團體組指定曲,https://www.facebook.com/Judys.Harmonica.Ensemble/,official-pdf,2026-07-03,四重奏/團體/指定曲,
114-qt-002,一步之遙,,114,口琴四重奏,室內樂合奏-口琴四重奏,國中團體組,蘿斯卡德,SIBM盧,台北黃石口琴樂團,,完整演出,請洽原出版單位(者)：台北黃石口琴樂團或其他代訂譜商,https://web.arte.gov.tw/music/upfile/history/114學年度全國學生音樂比賽指定曲_團體組.pdf,114學年度團體組指定曲,,official-pdf,2026-07-03,四重奏/團體/指定曲,
114-qt-003,Santa Lucia (散塔露琪亞),,114,口琴四重奏,室內樂合奏-口琴四重奏,國中團體組,拿坡里民謠,陳鴻儀,獨特音樂(The Duet)有限公司,,完整演出,請洽原出版單位(者)：獨特音樂(The Duet)有限公司或其他代訂譜商,https://web.arte.gov.tw/music/upfile/history/114學年度全國學生音樂比賽指定曲_團體組.pdf,114學年度團體組指定曲,https://www.facebook.com/theduet.music/,official-pdf,2026-07-03,四重奏/團體/指定曲,
114-qt-004,Funny Honey,,114,口琴四重奏,室內樂合奏-口琴四重奏,高中職團體組,林家靖,林家靖,林家靖,,完整演出,請自行洽詢代訂譜商，例：黃石樂器、音和樂器、狂響逗嘴鼓樂坊、各大樂器行等代購譜商或參考官網購譜資訊,https://web.arte.gov.tw/music/upfile/history/114學年度全國學生音樂比賽指定曲_團體組.pdf,114學年度團體組指定曲,https://www.facebook.com/HarmonicaLin/,official-pdf,2026-07-03,四重奏/團體/指定曲,
114-qt-005,More Than I Can Say,愛你在心口難開,114,口琴四重奏,室內樂合奏-口琴四重奏,高中職團體組,Jerry Allison,陳鴻儀,獨特音樂(The Duet)有限公司,,完整演出,請洽原出版單位(者)：獨特音樂(The Duet)有限公司或其他代訂譜商,https://web.arte.gov.tw/music/upfile/history/114學年度全國學生音樂比賽指定曲_團體組.pdf,114學年度團體組指定曲,https://www.facebook.com/theduet.music/,official-pdf,2026-07-03,四重奏/團體/指定曲,
114-qt-006,兩隻吉他,,114,口琴四重奏,室內樂合奏-口琴四重奏,高中職團體組,佚名,SIBM盧,台北黃石口琴樂團,,完整演奏,請洽原出版單位(者)：台北黃石口琴樂團或其他代訂譜商,https://web.arte.gov.tw/music/upfile/history/114學年度全國學生音樂比賽指定曲_團體組.pdf,114學年度團體組指定曲,,official-pdf,2026-07-03,四重奏/團體/指定曲,
114-qt-007,柴達斯舞曲,,114,口琴四重奏,室內樂合奏-口琴四重奏,大專團體組,V. Monti,盧怡臻,盧怡臻／茱蒂口琴樂團,,完整演出,請洽原出版單位(者)或自行洽詢代訂譜商，例：茱蒂口琴樂團,https://web.arte.gov.tw/music/upfile/history/114學年度全國學生音樂比賽指定曲_團體組.pdf,114學年度團體組指定曲,https://www.facebook.com/Judys.Harmonica.Ensemble/,official-pdf,2026-07-03,四重奏/團體/指定曲,
114-qt-008,帽子跳舞,,114,口琴四重奏,室內樂合奏-口琴四重奏,大專團體組,林家靖,林家靖,林家靖,,完整演出,請自行洽詢代訂譜商，例：黃石樂器、音和樂器、狂響逗嘴鼓樂坊、各大樂器行等代購譜商或參考官網購譜資訊,https://web.arte.gov.tw/music/upfile/history/114學年度全國學生音樂比賽指定曲_團體組.pdf,114學年度團體組指定曲,https://www.facebook.com/HarmonicaLin/,official-pdf,2026-07-03,四重奏/團體/指定曲,
114-qt-009,蘇州河邊,,114,口琴四重奏,室內樂合奏-口琴四重奏,大專團體組,陳歌辛,劉志明,高雄市口琴協會,,完整演奏,請洽原出版單位(者)：高雄市口琴協會版,https://web.arte.gov.tw/music/upfile/history/114學年度全國學生音樂比賽指定曲_團體組.pdf,114學年度團體組指定曲,,official-pdf,2026-07-03,四重奏/團體/指定曲,
114-ens-001,幸福的臉,,114,口琴合奏,口琴合奏,國小團體組,魏肇新,彭仁傑,好魔力口琴樂團,,完整演奏,請洽原出版單位：好魔力口琴樂團 harmonpig@yahoo.com.tw 或其他代訂譜商,https://web.arte.gov.tw/music/upfile/history/114學年度全國學生音樂比賽指定曲_團體組.pdf,114學年度團體組指定曲,,official-pdf,2026-07-03,合奏/團體/指定曲,
114-ens-002,Rhythm of the Rain,雨的旋律,114,口琴合奏,口琴合奏,國小團體組,約翰·肯莫斯,陳鴻儀,獨特音樂(The Duet)有限公司,,完整演奏,請洽原出版單位：獨特音樂(The Duet)有限公司或其他代訂譜商,https://web.arte.gov.tw/music/upfile/history/114學年度全國學生音樂比賽指定曲_團體組.pdf,114學年度團體組指定曲,https://www.facebook.com/theduet.music/,official-pdf,2026-07-03,合奏/團體/指定曲,
114-ens-003,123之歌,,114,口琴合奏,口琴合奏,國小團體組,羅杰斯,Jay Lu,台北黃石口琴樂團,,完整演奏,請洽原出版單位：台北黃石口琴樂團或其他代訂譜商,https://web.arte.gov.tw/music/upfile/history/114學年度全國學生音樂比賽指定曲_團體組.pdf,114學年度團體組指定曲,,official-pdf,2026-07-03,合奏/團體/指定曲,
114-ens-004,December,十二月,114,口琴合奏,口琴合奏,國中團體組,P. I. Tchaikovsky,陳瑤容,獨特音樂(The Duet)有限公司,,完整演奏,請洽原出版單位：獨特音樂(The Duet)有限公司或其他代訂譜商,https://web.arte.gov.tw/music/upfile/history/114學年度全國學生音樂比賽指定曲_團體組.pdf,114學年度團體組指定曲,https://www.facebook.com/theduet.music/,official-pdf,2026-07-03,合奏/團體/指定曲,
114-ens-005,Blauer Himmel,碧藍天,114,口琴合奏,口琴合奏,國中團體組,探戈名曲,陳鴻儀,獨特音樂(The Duet)有限公司,,完整演奏,請洽原出版單位：獨特音樂(The Duet)有限公司或其他代訂譜商,https://web.arte.gov.tw/music/upfile/history/114學年度全國學生音樂比賽指定曲_團體組.pdf,114學年度團體組指定曲,https://www.facebook.com/theduet.music/,official-pdf,2026-07-03,合奏/團體/指定曲,
114-ens-006,多瑙河之波,,114,口琴合奏,口琴合奏,國中團體組,伊凡諾維奇,Jay Lu,台北黃石口琴樂團,,完整演奏,請洽原出版單位：台北黃石口琴樂團或其他代訂譜商,https://web.arte.gov.tw/music/upfile/history/114學年度全國學生音樂比賽指定曲_團體組.pdf,114學年度團體組指定曲,,official-pdf,2026-07-03,合奏/團體/指定曲,
114-ens-007,亞買加倫巴,Jamaican Rumba,114,口琴合奏,口琴合奏,高中職團體組,林家靖,林家靖,林家靖,,完整演奏,請自行洽詢代訂譜商，例：黃石樂器、音和樂器、狂響逗嘴鼓樂坊、各大樂器行等代購譜商或參考官網購譜資訊,https://web.arte.gov.tw/music/upfile/history/114學年度全國學生音樂比賽指定曲_團體組.pdf,114學年度團體組指定曲,https://www.facebook.com/HarmonicaLin/,official-pdf,2026-07-03,合奏/團體/指定曲,
114-ens-008,你們是我的星光,,114,口琴合奏,口琴合奏,高中職團體組,Vince,蔡明憲,DMing Studio,,完整演奏(可依照學生程度更改樂譜),請洽原出版單位：DMing Studio或其他代訂譜商,https://web.arte.gov.tw/music/upfile/history/114學年度全國學生音樂比賽指定曲_團體組.pdf,114學年度團體組指定曲,,official-pdf,2026-07-03,合奏/團體/指定曲,
114-ens-009,Decoration of the Christmas Tree,,114,口琴合奏,口琴合奏,高中職團體組,P. I. Tchaikovsky,蔡明勳,獨特音樂(The Duet)有限公司,,完整演奏,請洽原出版單位：獨特音樂(The Duet)有限公司或其他代訂譜商,https://web.arte.gov.tw/music/upfile/history/114學年度全國學生音樂比賽指定曲_團體組.pdf,114學年度團體組指定曲,https://www.facebook.com/theduet.music/,official-pdf,2026-07-03,合奏/團體/指定曲,
114-ens-010,Funiculi Funicula,纜車之歌,114,口琴合奏,口琴合奏,大專團體組,拿坡里民謠,陳鴻儀,獨特音樂(The Duet)有限公司,,完整演奏,請洽原出版單位：獨特音樂(The Duet)有限公司或其他代訂譜商,https://web.arte.gov.tw/music/upfile/history/114學年度全國學生音樂比賽指定曲_團體組.pdf,114學年度團體組指定曲,https://www.facebook.com/theduet.music/,official-pdf,2026-07-03,合奏/團體/指定曲,
114-ens-011,蝶戀花,,114,口琴合奏,口琴合奏,大專團體組,洪一峰,SIBM盧,台北黃石口琴樂團,,完整演奏,請洽原出版單位：台北黃石口琴樂團或其他代訂譜商,https://web.arte.gov.tw/music/upfile/history/114學年度全國學生音樂比賽指定曲_團體組.pdf,114學年度團體組指定曲,,official-pdf,2026-07-03,合奏/團體/指定曲,
114-ens-012,瑤族舞曲,,114,口琴合奏,口琴合奏,大專團體組,劉鐵山,廖訓禎,台灣口琴藝術促進會,,完整演奏,請洽原出版單位(者)藍樂吉有限公司(台灣口琴藝術促進會)或其他代訂譜商,https://web.arte.gov.tw/music/upfile/history/114學年度全國學生音樂比賽指定曲_團體組.pdf,114學年度團體組指定曲,,official-pdf,2026-07-03,合奏/團體/指定曲,
113-ind-001,四季紅,,113,口琴獨奏,口琴獨奏,國小組,鄧雨賢,陳鴻儀,獨特音樂(The Duet)工作室,四季紅,全曲演奏,請洽獨特音樂(The Duet)有限公司,https://web.arte.gov.tw/music/upfile/history/113學年度全國學生音樂比賽指定曲_個人組.pdf,113學年度個人組指定曲,https://www.facebook.com/theduet.music/,official-pdf,2026-07-03,個人/指定曲,
113-ind-002,花非花,,113,口琴獨奏,口琴獨奏,國中組,黃自,陳鴻儀,獨特音樂(The Duet)工作室,花非花,全曲演奏,請洽獨特音樂(The Duet)有限公司,https://web.arte.gov.tw/music/upfile/history/113學年度全國學生音樂比賽指定曲_個人組.pdf,113學年度個人組指定曲,https://www.facebook.com/theduet.music/,official-pdf,2026-07-03,個人/指定曲,
113-ind-003,別離曲,,113,口琴獨奏,口琴獨奏,高中職組,F. F. Chopin,蕭莉君,臺北黃石口琴樂團,,全曲演奏,請洽臺北黃石口琴樂團,https://web.arte.gov.tw/music/upfile/history/113學年度全國學生音樂比賽指定曲_個人組.pdf,113學年度個人組指定曲,,official-pdf,2026-07-03,個人/指定曲,
113-ind-004,La Vie en Rose,玫瑰人生,113,口琴獨奏,口琴獨奏,大專組,法國香頌,陳鴻儀,獨特音樂(The Duet)工作室,,全曲演奏,請洽獨特音樂(The Duet)有限公司,https://web.arte.gov.tw/music/upfile/history/113學年度全國學生音樂比賽指定曲_個人組.pdf,113學年度個人組指定曲,https://www.facebook.com/theduet.music/,official-pdf,2026-07-03,個人/指定曲,
hist-ind-082-001,甜蜜的家庭,,82,口琴獨奏,口琴獨奏,兒童（複賽）,,楊樹林,,,,,https://web.arte.gov.tw/music/upfile/history/個人/口琴獨奏.xls,官方歷年指定曲目 XLS：口琴獨奏,,official-xls,2026-07-03,個人/歷年指定曲,
hist-ind-082-002,蘇武牧羊,,82,口琴獨奏,口琴獨奏,兒童（決賽）,,楊樹林,,,,,https://web.arte.gov.tw/music/upfile/history/個人/口琴獨奏.xls,官方歷年指定曲目 XLS：口琴獨奏,,official-xls,2026-07-03,個人/歷年指定曲,
hist-ind-082-003,科羅拉多之月,,82,口琴獨奏,口琴獨奏,少年（複賽）,,楊樹林,,,,,https://web.arte.gov.tw/music/upfile/history/個人/口琴獨奏.xls,官方歷年指定曲目 XLS：口琴獨奏,,official-xls,2026-07-03,個人/歷年指定曲,
hist-ind-082-004,嘉禾特舞,,82,口琴獨奏,口琴獨奏,少年（決賽）,,楊樹林,,,,,https://web.arte.gov.tw/music/upfile/history/個人/口琴獨奏.xls,官方歷年指定曲目 XLS：口琴獨奏,,official-xls,2026-07-03,個人/歷年指定曲,
hist-ind-082-005,拿波里之歌,,82,口琴獨奏,口琴獨奏,青少年（複賽）,,盧鴻麟,,,,,https://web.arte.gov.tw/music/upfile/history/個人/口琴獨奏.xls,官方歷年指定曲目 XLS：口琴獨奏,,official-xls,2026-07-03,個人/歷年指定曲,
hist-ind-082-006,桑塔露琪亞,,82,口琴獨奏,口琴獨奏,青少年（決賽）,,陳鴻儀,,,,,https://web.arte.gov.tw/music/upfile/history/個人/口琴獨奏.xls,官方歷年指定曲目 XLS：口琴獨奏,,official-xls,2026-07-03,個人/歷年指定曲,
hist-ind-082-007,桂河大橋,,82,口琴獨奏,口琴獨奏,成人（複賽）,,陳鴻儀,,,,,https://web.arte.gov.tw/music/upfile/history/個人/口琴獨奏.xls,官方歷年指定曲目 XLS：口琴獨奏,,official-xls,2026-07-03,個人/歷年指定曲,
hist-ind-082-008,美麗的陽光,,82,口琴獨奏,口琴獨奏,成人（決賽）,,盧鴻麟,,,,,https://web.arte.gov.tw/music/upfile/history/個人/口琴獨奏.xls,官方歷年指定曲目 XLS：口琴獨奏,,official-xls,2026-07-03,個人/歷年指定曲,
hist-ind-083-009,太湖船,,83,口琴獨奏,口琴獨奏,兒童（複賽）,,楊樹林,,,,,https://web.arte.gov.tw/music/upfile/history/個人/口琴獨奏.xls,官方歷年指定曲目 XLS：口琴獨奏,,official-xls,2026-07-03,個人/歷年指定曲,
hist-ind-083-010,天黑黑,,83,口琴獨奏,口琴獨奏,兒童（決賽）,,郭光宗,,,,,https://web.arte.gov.tw/music/upfile/history/個人/口琴獨奏.xls,官方歷年指定曲目 XLS：口琴獨奏,,official-xls,2026-07-03,個人/歷年指定曲,
hist-ind-083-011,梅花,,83,口琴獨奏,口琴獨奏,少年（複賽）,,沈友樵,,,,,https://web.arte.gov.tw/music/upfile/history/個人/口琴獨奏.xls,官方歷年指定曲目 XLS：口琴獨奏,,official-xls,2026-07-03,個人/歷年指定曲,
hist-ind-083-012,土耳其進行曲,,83,口琴獨奏,口琴獨奏,少年（決賽）,,楊樹林,,,,,https://web.arte.gov.tw/music/upfile/history/個人/口琴獨奏.xls,官方歷年指定曲目 XLS：口琴獨奏,,official-xls,2026-07-03,個人/歷年指定曲,
hist-ind-083-013,青春牧場,,83,口琴獨奏,口琴獨奏,青少年（複賽）,,蔣榮欽,,,,,https://web.arte.gov.tw/music/upfile/history/個人/口琴獨奏.xls,官方歷年指定曲目 XLS：口琴獨奏,,official-xls,2026-07-03,個人/歷年指定曲,
hist-ind-083-014,快活的百靈鳥,,83,口琴獨奏,口琴獨奏,青少年（決賽）,,郭光宗,,,,,https://web.arte.gov.tw/music/upfile/history/個人/口琴獨奏.xls,官方歷年指定曲目 XLS：口琴獨奏,,official-xls,2026-07-03,個人/歷年指定曲,
hist-ind-083-015,山腰上的家,,83,口琴獨奏,口琴獨奏,成人（複賽）,,陳鴻儀,,,,,https://web.arte.gov.tw/music/upfile/history/個人/口琴獨奏.xls,官方歷年指定曲目 XLS：口琴獨奏,,official-xls,2026-07-03,個人/歷年指定曲,
hist-ind-083-016,也許吧！愛,,83,口琴獨奏,口琴獨奏,成人（決賽）,,蔣榮欽,,,,,https://web.arte.gov.tw/music/upfile/history/個人/口琴獨奏.xls,官方歷年指定曲目 XLS：口琴獨奏,,official-xls,2026-07-03,個人/歷年指定曲,
hist-ind-084-017,庫卡拉恰,,84,口琴獨奏,口琴獨奏,兒童（複賽）,墨西哥民謠,陳鴻儀,,,,,https://web.arte.gov.tw/music/upfile/history/個人/口琴獨奏.xls,官方歷年指定曲目 XLS：口琴獨奏,,official-xls,2026-07-03,個人/歷年指定曲,
hist-ind-084-018,蝶戀花,,84,口琴獨奏,口琴獨奏,兒童（決賽）,洪一峰,楊樹林,,,,,https://web.arte.gov.tw/music/upfile/history/個人/口琴獨奏.xls,官方歷年指定曲目 XLS：口琴獨奏,,official-xls,2026-07-03,個人/歷年指定曲,
hist-ind-084-019,百家春,,84,口琴獨奏,口琴獨奏,少年（複賽）,,楊樹林,,,,,https://web.arte.gov.tw/music/upfile/history/個人/口琴獨奏.xls,官方歷年指定曲目 XLS：口琴獨奏,,official-xls,2026-07-03,個人/歷年指定曲,
hist-ind-084-020,孤挺花,,84,口琴獨奏,口琴獨奏,少年（決賽）,,陳鴻儀,,,,,https://web.arte.gov.tw/music/upfile/history/個人/口琴獨奏.xls,官方歷年指定曲目 XLS：口琴獨奏,,official-xls,2026-07-03,個人/歷年指定曲,
hist-ind-084-021,麗谷列都,,84,口琴獨奏,口琴獨奏,青少年（複賽）,,陳鴻儀,,,,,https://web.arte.gov.tw/music/upfile/history/個人/口琴獨奏.xls,官方歷年指定曲目 XLS：口琴獨奏,,official-xls,2026-07-03,個人/歷年指定曲,
hist-ind-084-022,嘉禾舞曲,,84,口琴獨奏,口琴獨奏,青少年（決賽）,F.J.Gossec,盧鴻麟,,,,,https://web.arte.gov.tw/music/upfile/history/個人/口琴獨奏.xls,官方歷年指定曲目 XLS：口琴獨奏,,official-xls,2026-07-03,個人/歷年指定曲,
hist-ind-084-023,幸福在這裡,,84,口琴獨奏,口琴獨奏,成人（複賽）,,蔣榮欽,,,,,https://web.arte.gov.tw/music/upfile/history/個人/口琴獨奏.xls,官方歷年指定曲目 XLS：口琴獨奏,,official-xls,2026-07-03,個人/歷年指定曲,
hist-ind-084-024,比才小步舞曲,,84,口琴獨奏,口琴獨奏,成人（決賽）,,盧鴻麟,,,,,https://web.arte.gov.tw/music/upfile/history/個人/口琴獨奏.xls,官方歷年指定曲目 XLS：口琴獨奏,,official-xls,2026-07-03,個人/歷年指定曲,
hist-ind-085-025,音樂盒裡的舞者,,85,口琴獨奏,口琴獨奏,兒童（複賽）,法蘭克.密爾斯,許俊哲,中華民國口琴藝術促進會,,,,https://web.arte.gov.tw/music/upfile/history/個人/口琴獨奏.xls,官方歷年指定曲目 XLS：口琴獨奏,,official-xls,2026-07-03,個人/歷年指定曲,
hist-ind-085-026,水手的號角,,85,口琴獨奏,口琴獨奏,兒童（決賽）,舞曲,陳鴻儀,中華民國口琴藝術促進會,,,,https://web.arte.gov.tw/music/upfile/history/個人/口琴獨奏.xls,官方歷年指定曲目 XLS：口琴獨奏,,official-xls,2026-07-03,個人/歷年指定曲,
hist-ind-085-027,我的邦尼,,85,口琴獨奏,口琴獨奏,少年（複賽）,Scotch Song,陳鴻儀,中華民國口琴藝術促進會,,,,https://web.arte.gov.tw/music/upfile/history/個人/口琴獨奏.xls,官方歷年指定曲目 XLS：口琴獨奏,,official-xls,2026-07-03,個人/歷年指定曲,
hist-ind-085-028,學生軍進行曲,,85,口琴獨奏,口琴獨奏,少年（決賽）,蘇沙,許俊哲,中華民國口琴藝術促進會,,,,https://web.arte.gov.tw/music/upfile/history/個人/口琴獨奏.xls,官方歷年指定曲目 XLS：口琴獨奏,,official-xls,2026-07-03,個人/歷年指定曲,
hist-ind-085-029,瑞士迎賓曲,,85,口琴獨奏,口琴獨奏,青少年（複賽）,Trad,盧鴻麟,中華民國口琴藝術促進會,,,,https://web.arte.gov.tw/music/upfile/history/個人/口琴獨奏.xls,官方歷年指定曲目 XLS：口琴獨奏,,official-xls,2026-07-03,個人/歷年指定曲,
hist-ind-085-030,墨西哥迎賓曲,,85,口琴獨奏,口琴獨奏,青少年（決賽）,墨西哥民謠,陳鴻儀,中華民國口琴藝術促進會,,,,https://web.arte.gov.tw/music/upfile/history/個人/口琴獨奏.xls,官方歷年指定曲目 XLS：口琴獨奏,,official-xls,2026-07-03,個人/歷年指定曲,
hist-ind-085-031,藍色探戈,,85,口琴獨奏,口琴獨奏,成人（複賽）,L.Anderson,陳鴻儀,中華民國口琴藝術促進會,,,,https://web.arte.gov.tw/music/upfile/history/個人/口琴獨奏.xls,官方歷年指定曲目 XLS：口琴獨奏,,official-xls,2026-07-03,個人/歷年指定曲,
hist-ind-085-032,蝶戀花,,85,口琴獨奏,口琴獨奏,成人（決賽）,洪一峰,盧鴻麟,中華民國口琴藝術促進會,,,,https://web.arte.gov.tw/music/upfile/history/個人/口琴獨奏.xls,官方歷年指定曲目 XLS：口琴獨奏,,official-xls,2026-07-03,個人/歷年指定曲,
hist-ind-087-033,太湖船,,87,口琴獨奏,口琴獨奏,兒童（複賽）,中國民謠,楊樹林,中華民國口琴藝術促進會,,,,https://web.arte.gov.tw/music/upfile/history/個人/口琴獨奏.xls,官方歷年指定曲目 XLS：口琴獨奏,,official-xls,2026-07-03,個人/歷年指定曲,
hist-ind-087-034,庫卡拉恰,,87,口琴獨奏,口琴獨奏,兒童（決賽）,墨西哥民謠,陳鴻儀,中華民國口琴藝術促進會,,,,https://web.arte.gov.tw/music/upfile/history/個人/口琴獨奏.xls,官方歷年指定曲目 XLS：口琴獨奏,,official-xls,2026-07-03,個人/歷年指定曲,
hist-ind-087-035,康城賽馬車,,87,口琴獨奏,口琴獨奏,少年（複賽）,美國民謠,鄭俊仁,中華民國口琴藝術促進會,,,,https://web.arte.gov.tw/music/upfile/history/個人/口琴獨奏.xls,官方歷年指定曲目 XLS：口琴獨奏,,official-xls,2026-07-03,個人/歷年指定曲,
hist-ind-087-036,學生軍進行曲,,87,口琴獨奏,口琴獨奏,少年（決賽）,J.P.Sousa,許俊哲,中華民國口琴藝術促進會,,,,https://web.arte.gov.tw/music/upfile/history/個人/口琴獨奏.xls,官方歷年指定曲目 XLS：口琴獨奏,,official-xls,2026-07-03,個人/歷年指定曲,
hist-ind-087-037,嘉禾舞曲,,87,口琴獨奏,口琴獨奏,青少年（複賽）,F.J.Gossec,盧鴻麟,中華民國口琴藝術促進會,,,,https://web.arte.gov.tw/music/upfile/history/個人/口琴獨奏.xls,官方歷年指定曲目 XLS：口琴獨奏,,official-xls,2026-07-03,個人/歷年指定曲,
hist-ind-087-038,墨西哥迎賓曲,,87,口琴獨奏,口琴獨奏,青少年（決賽）,墨西哥民謠,陳鴻儀,中華民國口琴藝術促進會,,,,https://web.arte.gov.tw/music/upfile/history/個人/口琴獨奏.xls,官方歷年指定曲目 XLS：口琴獨奏,,official-xls,2026-07-03,個人/歷年指定曲,
hist-ind-087-039,土耳其進行曲,,87,口琴獨奏,口琴獨奏,成人（複賽）,貝多芬,鄭俊仁,中華民國口琴藝術促進會,,,,https://web.arte.gov.tw/music/upfile/history/個人/口琴獨奏.xls,官方歷年指定曲目 XLS：口琴獨奏,,official-xls,2026-07-03,個人/歷年指定曲,
hist-ind-087-040,桂河大橋,,87,口琴獨奏,口琴獨奏,成人（決賽）,K.J.Alford,陳鴻儀,中華民國口琴藝術促進會,,,,https://web.arte.gov.tw/music/upfile/history/個人/口琴獨奏.xls,官方歷年指定曲目 XLS：口琴獨奏,,official-xls,2026-07-03,個人/歷年指定曲,
hist-ind-089-041,菩提樹,,89,口琴獨奏,口琴獨奏,兒童（複賽）,舒伯特,鄭俊仁,HAPA,,,,https://web.arte.gov.tw/music/upfile/history/個人/口琴獨奏.xls,官方歷年指定曲目 XLS：口琴獨奏,,official-xls,2026-07-03,個人/歷年指定曲,
hist-ind-089-042,水手之號角,,89,口琴獨奏,口琴獨奏,兒童（決賽）,舞曲,陳鴻儀,HAPA,,,,https://web.arte.gov.tw/music/upfile/history/個人/口琴獨奏.xls,官方歷年指定曲目 XLS：口琴獨奏,,official-xls,2026-07-03,個人/歷年指定曲,
hist-ind-089-043,百家春,,89,口琴獨奏,口琴獨奏,少年（複賽）,中國民間樂曲,楊樹林,HAPA,,,,https://web.arte.gov.tw/music/upfile/history/個人/口琴獨奏.xls,官方歷年指定曲目 XLS：口琴獨奏,,official-xls,2026-07-03,個人/歷年指定曲,
hist-ind-089-044,孤挺花,,89,口琴獨奏,口琴獨奏,少年（決賽）,吉斯,陳鴻儀,HAPA,,,,https://web.arte.gov.tw/music/upfile/history/個人/口琴獨奏.xls,官方歷年指定曲目 XLS：口琴獨奏,,official-xls,2026-07-03,個人/歷年指定曲,
hist-ind-089-045,青青牧場,,89,口琴獨奏,口琴獨奏,青少年（複賽）,捷克民謠,蔣榮欽,HAPA,,,,https://web.arte.gov.tw/music/upfile/history/個人/口琴獨奏.xls,官方歷年指定曲目 XLS：口琴獨奏,,official-xls,2026-07-03,個人/歷年指定曲,
hist-ind-089-046,散塔露琪亞,,89,口琴獨奏,口琴獨奏,青少年（決賽）,拿波里民謠,陳鴻儀,HAPA,,,,https://web.arte.gov.tw/music/upfile/history/個人/口琴獨奏.xls,官方歷年指定曲目 XLS：口琴獨奏,,official-xls,2026-07-03,個人/歷年指定曲,
hist-ind-089-047,小步舞曲,,89,口琴獨奏,口琴獨奏,成人（複賽）,比才,盧鴻麟,HAPA,,,,https://web.arte.gov.tw/music/upfile/history/個人/口琴獨奏.xls,官方歷年指定曲目 XLS：口琴獨奏,,official-xls,2026-07-03,個人/歷年指定曲,
hist-ind-089-048,也許吧！愛,,89,口琴獨奏,口琴獨奏,成人（決賽）,西洋名曲,蔣榮欽,HAPA,,,,https://web.arte.gov.tw/music/upfile/history/個人/口琴獨奏.xls,官方歷年指定曲目 XLS：口琴獨奏,,official-xls,2026-07-03,個人/歷年指定曲,
hist-ind-091-049,蝶戀花,,91,口琴獨奏,口琴獨奏,國小,洪ㄧ峰,楊樹林,中華民國口琴藝術促進會,,,,https://web.arte.gov.tw/music/upfile/history/個人/口琴獨奏.xls,官方歷年指定曲目 XLS：口琴獨奏,,official-xls,2026-07-03,個人/歷年指定曲,
hist-ind-091-050,菩提樹,,91,口琴獨奏,口琴獨奏,國小,F.Schubert,鄭俊仁,中華民國口琴藝術促進會,,,,https://web.arte.gov.tw/music/upfile/history/個人/口琴獨奏.xls,官方歷年指定曲目 XLS：口琴獨奏,,official-xls,2026-07-03,個人/歷年指定曲,
hist-ind-091-051,滿江紅,,91,口琴獨奏,口琴獨奏,國小,中國古曲,劉志明,中華民國口琴藝術促進會,,,,https://web.arte.gov.tw/music/upfile/history/個人/口琴獨奏.xls,官方歷年指定曲目 XLS：口琴獨奏,,official-xls,2026-07-03,個人/歷年指定曲,
hist-ind-091-052,庫卡拉恰,,91,口琴獨奏,口琴獨奏,國小,墨西哥民謠,陳鴻儀,中華民國口琴藝術促進會,,,,https://web.arte.gov.tw/music/upfile/history/個人/口琴獨奏.xls,官方歷年指定曲目 XLS：口琴獨奏,,official-xls,2026-07-03,個人/歷年指定曲,
hist-ind-091-053,霍夫曼船歌,,91,口琴獨奏,口琴獨奏,國中,澳芬巴哈,劉志明,中華民國口琴藝術促進會,,,,https://web.arte.gov.tw/music/upfile/history/個人/口琴獨奏.xls,官方歷年指定曲目 XLS：口琴獨奏,,official-xls,2026-07-03,個人/歷年指定曲,
hist-ind-091-054,我的邦尼,,91,口琴獨奏,口琴獨奏,國中,蘇格蘭民歌,陳鴻儀,中華民國口琴藝術促進會,,,,https://web.arte.gov.tw/music/upfile/history/個人/口琴獨奏.xls,官方歷年指定曲目 XLS：口琴獨奏,,official-xls,2026-07-03,個人/歷年指定曲,
hist-ind-091-055,梅花,,91,口琴獨奏,口琴獨奏,國中,劉家昌,沈友樵,中華民國口琴藝術促進會,,,,https://web.arte.gov.tw/music/upfile/history/個人/口琴獨奏.xls,官方歷年指定曲目 XLS：口琴獨奏,,official-xls,2026-07-03,個人/歷年指定曲,
hist-ind-091-056,學生軍進行曲,,91,口琴獨奏,口琴獨奏,國中,蘇沙,許俊哲,中華民國口琴藝術促進會,,,,https://web.arte.gov.tw/music/upfile/history/個人/口琴獨奏.xls,官方歷年指定曲目 XLS：口琴獨奏,,official-xls,2026-07-03,個人/歷年指定曲,
hist-ind-091-057,風流寡婦,,91,口琴獨奏,口琴獨奏,高中職,Franz Lehar,劉志明,中華民國口琴藝術促進會,,,,https://web.arte.gov.tw/music/upfile/history/個人/口琴獨奏.xls,官方歷年指定曲目 XLS：口琴獨奏,,official-xls,2026-07-03,個人/歷年指定曲,
hist-ind-091-058,嘉禾舞曲,,91,口琴獨奏,口琴獨奏,高中職,F.J.Gossec,盧鴻儀,中華民國口琴藝術促進會,,,,https://web.arte.gov.tw/music/upfile/history/個人/口琴獨奏.xls,官方歷年指定曲目 XLS：口琴獨奏,,official-xls,2026-07-03,個人/歷年指定曲,
hist-ind-091-059,青青牧場,,91,口琴獨奏,口琴獨奏,高中職,捷克民謠,蔣榮欽,中華民國口琴藝術促進會,,,,https://web.arte.gov.tw/music/upfile/history/個人/口琴獨奏.xls,官方歷年指定曲目 XLS：口琴獨奏,,official-xls,2026-07-03,個人/歷年指定曲,
hist-ind-091-060,麗谷列都,,91,口琴獨奏,口琴獨奏,高中職,G.Verdi,陳鴻儀,中華民國口琴藝術促進會,,,,https://web.arte.gov.tw/music/upfile/history/個人/口琴獨奏.xls,官方歷年指定曲目 XLS：口琴獨奏,,official-xls,2026-07-03,個人/歷年指定曲,
hist-ind-091-061,桂河大橋,,91,口琴獨奏,口琴獨奏,大專,K.J.Alford,陳鴻儀,中華民國口琴藝術促進會,,,,https://web.arte.gov.tw/music/upfile/history/個人/口琴獨奏.xls,官方歷年指定曲目 XLS：口琴獨奏,,official-xls,2026-07-03,個人/歷年指定曲,
hist-ind-091-062,土耳其進行曲,,91,口琴獨奏,口琴獨奏,大專,貝多芬,鄭俊仁,中華民國口琴藝術促進會,,,,https://web.arte.gov.tw/music/upfile/history/個人/口琴獨奏.xls,官方歷年指定曲目 XLS：口琴獨奏,,official-xls,2026-07-03,個人/歷年指定曲,
hist-ind-091-063,幸福在這裡,,91,口琴獨奏,口琴獨奏,大專,飯田三郎,蔣榮欽,中華民國口琴藝術促進會,,,,https://web.arte.gov.tw/music/upfile/history/個人/口琴獨奏.xls,官方歷年指定曲目 XLS：口琴獨奏,,official-xls,2026-07-03,個人/歷年指定曲,
hist-ind-091-064,小步舞曲,,91,口琴獨奏,口琴獨奏,大專,比才,盧鴻麟,中華民國口琴藝術促進會,,,,https://web.arte.gov.tw/music/upfile/history/個人/口琴獨奏.xls,官方歷年指定曲目 XLS：口琴獨奏,,official-xls,2026-07-03,個人/歷年指定曲,
hist-ind-093-065,散步(「龍貓」插曲),「龍貓」插曲,93,口琴獨奏,口琴獨奏,國小,久石讓,陳鴻儀,中華民國口琴藝術促進會,,,,https://web.arte.gov.tw/music/upfile/history/個人/口琴獨奏.xls,官方歷年指定曲目 XLS：口琴獨奏,,official-xls,2026-07-03,個人/歷年指定曲,
hist-ind-093-066,海肯斯小夜曲,,93,口琴獨奏,口琴獨奏,國小,海肯斯,盧鴻麟,中華民國口琴藝術促進會,,,,https://web.arte.gov.tw/music/upfile/history/個人/口琴獨奏.xls,官方歷年指定曲目 XLS：口琴獨奏,,official-xls,2026-07-03,個人/歷年指定曲,
hist-ind-093-067,音樂盒之舞者,,93,口琴獨奏,口琴獨奏,國小,法蘭克.密爾斯,許俊哲,中華民國口琴藝術促進會,,,,https://web.arte.gov.tw/music/upfile/history/個人/口琴獨奏.xls,官方歷年指定曲目 XLS：口琴獨奏,,official-xls,2026-07-03,個人/歷年指定曲,
hist-ind-093-068,卡布里島,,93,口琴獨奏,口琴獨奏,國中,Will Grosz & Jimmy Kennedy,陳鴻儀,中華民國口琴藝術促進會,,,,https://web.arte.gov.tw/music/upfile/history/個人/口琴獨奏.xls,官方歷年指定曲目 XLS：口琴獨奏,,official-xls,2026-07-03,個人/歷年指定曲,
hist-ind-093-069,星條旗進行曲,,93,口琴獨奏,口琴獨奏,國中,J.P.Sousa(蘇沙),盧鴻麟,中華民國口琴藝術促進會,,,,https://web.arte.gov.tw/music/upfile/history/個人/口琴獨奏.xls,官方歷年指定曲目 XLS：口琴獨奏,,official-xls,2026-07-03,個人/歷年指定曲,
hist-ind-093-070,野玫瑰,,93,口琴獨奏,口琴獨奏,國中,F.Schubert,沈友樵,中華民國口琴藝術促進會,,,,https://web.arte.gov.tw/music/upfile/history/個人/口琴獨奏.xls,官方歷年指定曲目 XLS：口琴獨奏,,official-xls,2026-07-03,個人/歷年指定曲,
hist-ind-093-071,洋娃娃之夢,,93,口琴獨奏,口琴獨奏,高中職,奧斯汀,盧鴻麟,中華民國口琴藝術促進會,,,,https://web.arte.gov.tw/music/upfile/history/個人/口琴獨奏.xls,官方歷年指定曲目 XLS：口琴獨奏,,official-xls,2026-07-03,個人/歷年指定曲,
hist-ind-093-072,森林之熊,,93,口琴獨奏,口琴獨奏,高中職,美國民謠,陳鴻儀,中華民國口琴藝術促進會,,,,https://web.arte.gov.tw/music/upfile/history/個人/口琴獨奏.xls,官方歷年指定曲目 XLS：口琴獨奏,,official-xls,2026-07-03,個人/歷年指定曲,
hist-ind-093-073,土耳其進行曲,,93,口琴獨奏,口琴獨奏,高中職,貝多芬,鄭俊仁,中華民國口琴藝術促進會,,,,https://web.arte.gov.tw/music/upfile/history/個人/口琴獨奏.xls,官方歷年指定曲目 XLS：口琴獨奏,,official-xls,2026-07-03,個人/歷年指定曲,
hist-ind-093-074,青青牧場,,93,口琴獨奏,口琴獨奏,大專,捷克民謠,蔣榮欽,中華民國口琴藝術促進會,,,,https://web.arte.gov.tw/music/upfile/history/個人/口琴獨奏.xls,官方歷年指定曲目 XLS：口琴獨奏,,official-xls,2026-07-03,個人/歷年指定曲,
hist-ind-093-075,戀愛的心,,93,口琴獨奏,口琴獨奏,大專,探戈名曲,盧鴻麟,中華民國口琴藝術促進會,,,,https://web.arte.gov.tw/music/upfile/history/個人/口琴獨奏.xls,官方歷年指定曲目 XLS：口琴獨奏,,official-xls,2026-07-03,個人/歷年指定曲,
hist-ind-093-076,山腰上的家園,,93,口琴獨奏,口琴獨奏,大專,美國民謠,陳鴻儀,中華民國口琴藝術促進會,,,,https://web.arte.gov.tw/music/upfile/history/個人/口琴獨奏.xls,官方歷年指定曲目 XLS：口琴獨奏,,official-xls,2026-07-03,個人/歷年指定曲,
hist-ind-095-077,剪羊毛,,95,口琴獨奏,口琴獨奏,國小,澳大利亞民歌,盧鴻麟,HAPA,,,,https://web.arte.gov.tw/music/upfile/history/個人/口琴獨奏.xls,官方歷年指定曲目 XLS：口琴獨奏,,official-xls,2026-07-03,個人/歷年指定曲,
hist-ind-095-078,小小姑娘,,95,口琴獨奏,口琴獨奏,國小,Percy Mopntross,陳鴻儀,HAPA,,,,https://web.arte.gov.tw/music/upfile/history/個人/口琴獨奏.xls,官方歷年指定曲目 XLS：口琴獨奏,,official-xls,2026-07-03,個人/歷年指定曲,
hist-ind-095-079,白牡丹,,95,口琴獨奏,口琴獨奏,國小,台灣民謠,劉金山,高雄市口琴協會,,,,https://web.arte.gov.tw/music/upfile/history/個人/口琴獨奏.xls,官方歷年指定曲目 XLS：口琴獨奏,,official-xls,2026-07-03,個人/歷年指定曲,
hist-ind-095-080,學生軍進行曲,,95,口琴獨奏,口琴獨奏,國中,蘇沙,許俊哲,HAPA,,,,https://web.arte.gov.tw/music/upfile/history/個人/口琴獨奏.xls,官方歷年指定曲目 XLS：口琴獨奏,,official-xls,2026-07-03,個人/歷年指定曲,
hist-ind-095-081,切分音時鐘,,95,口琴獨奏,口琴獨奏,國中,L. Anderson,陳鴻儀,HAPA,,,,https://web.arte.gov.tw/music/upfile/history/個人/口琴獨奏.xls,官方歷年指定曲目 XLS：口琴獨奏,,official-xls,2026-07-03,個人/歷年指定曲,
hist-ind-095-082,可愛的陽光,,95,口琴獨奏,口琴獨奏,國中,E. di Capua,茒永泰,天韻口琴樂團,,,,https://web.arte.gov.tw/music/upfile/history/個人/口琴獨奏.xls,官方歷年指定曲目 XLS：口琴獨奏,,official-xls,2026-07-03,個人/歷年指定曲,
hist-ind-095-083,青青牧場,,95,口琴獨奏,口琴獨奏,高中職,捷克民謠,蔣榮欽,HAPA,,,,https://web.arte.gov.tw/music/upfile/history/個人/口琴獨奏.xls,官方歷年指定曲目 XLS：口琴獨奏,,official-xls,2026-07-03,個人/歷年指定曲,
hist-ind-095-084,歸來吧！蘇連多,,95,口琴獨奏,口琴獨奏,高中職,E. Decurtis,茒永泰,天韻口琴樂團,,,,https://web.arte.gov.tw/music/upfile/history/個人/口琴獨奏.xls,官方歷年指定曲目 XLS：口琴獨奏,,official-xls,2026-07-03,個人/歷年指定曲,
hist-ind-095-085,村祭り－田園素描第1號,,95,口琴獨奏,口琴獨奏,高中職,佐藤秀廊,,ケイ・エム・ピー,,,,https://web.arte.gov.tw/music/upfile/history/個人/口琴獨奏.xls,官方歷年指定曲目 XLS：口琴獨奏,,official-xls,2026-07-03,個人/歷年指定曲,
hist-ind-095-086,霧夜的約會,,95,口琴獨奏,口琴獨奏,大專,J. V. Wetter,陳鴻儀,HAPA,,,,https://web.arte.gov.tw/music/upfile/history/個人/口琴獨奏.xls,官方歷年指定曲目 XLS：口琴獨奏,,official-xls,2026-07-03,個人/歷年指定曲,
hist-ind-095-087,夢幻曲,,95,口琴獨奏,口琴獨奏,大專,舒伯特,茒永泰,天韻口琴樂團,,,,https://web.arte.gov.tw/music/upfile/history/個人/口琴獨奏.xls,官方歷年指定曲目 XLS：口琴獨奏,,official-xls,2026-07-03,個人/歷年指定曲,
hist-ind-095-088,野花－田園素描第2號,,95,口琴獨奏,口琴獨奏,大專,佐藤秀廊,,ケイ・エム・ピー,,,,https://web.arte.gov.tw/music/upfile/history/個人/口琴獨奏.xls,官方歷年指定曲目 XLS：口琴獨奏,,official-xls,2026-07-03,個人/歷年指定曲,
hist-ind-097-089,水手的號角,,97,口琴獨奏,口琴獨奏,國小,舞曲,陳鴻儀,台灣口琴藝術促進會,,,,https://web.arte.gov.tw/music/upfile/history/個人/口琴獨奏.xls,官方歷年指定曲目 XLS：口琴獨奏,,official-xls,2026-07-03,個人/歷年指定曲,
hist-ind-097-090,風流寡婦圓舞曲,,97,口琴獨奏,口琴獨奏,國小,Lehar. Franz,茒永泰,高雄天韻口琴樂團,,,,https://web.arte.gov.tw/music/upfile/history/個人/口琴獨奏.xls,官方歷年指定曲目 XLS：口琴獨奏,,official-xls,2026-07-03,個人/歷年指定曲,
hist-ind-097-091,孤挺花,,97,口琴獨奏,口琴獨奏,國小,吉斯,陳鴻儀,台灣口琴藝術促進會,,,,https://web.arte.gov.tw/music/upfile/history/個人/口琴獨奏.xls,官方歷年指定曲目 XLS：口琴獨奏,,official-xls,2026-07-03,個人/歷年指定曲,
hist-ind-097-092,乘著歌聲的翅膀 On Wings og Song,,97,口琴獨奏,口琴獨奏,國中,Felis Mendelssohn,茒永泰,高雄天韻口琴樂團,,,,https://web.arte.gov.tw/music/upfile/history/個人/口琴獨奏.xls,官方歷年指定曲目 XLS：口琴獨奏,,official-xls,2026-07-03,個人/歷年指定曲,
hist-ind-097-093,再會吧牙買加,,97,口琴獨奏,口琴獨奏,國中,L. Burgess,陳鴻儀,台灣口琴藝術促進會,,,,https://web.arte.gov.tw/music/upfile/history/個人/口琴獨奏.xls,官方歷年指定曲目 XLS：口琴獨奏,,official-xls,2026-07-03,個人/歷年指定曲,
hist-ind-097-094,雨中的旋律 Rhythm of the rain,,97,口琴獨奏,口琴獨奏,國中,Jhon Gummoe,茒永泰,高雄天韻口琴樂團,,,,https://web.arte.gov.tw/music/upfile/history/個人/口琴獨奏.xls,官方歷年指定曲目 XLS：口琴獨奏,,official-xls,2026-07-03,個人/歷年指定曲,
hist-ind-097-095,獵人合唱,,97,口琴獨奏,口琴獨奏,高中職,Weber,陳鴻儀,台灣口琴藝術促進會,,,,https://web.arte.gov.tw/music/upfile/history/個人/口琴獨奏.xls,官方歷年指定曲目 XLS：口琴獨奏,,official-xls,2026-07-03,個人/歷年指定曲,
hist-ind-097-096,兩杯茶,,97,口琴獨奏,口琴獨奏,高中職,Vincent Youmans,陳鴻儀,台灣口琴藝術促進會,,,,https://web.arte.gov.tw/music/upfile/history/個人/口琴獨奏.xls,官方歷年指定曲目 XLS：口琴獨奏,,official-xls,2026-07-03,個人/歷年指定曲,
hist-ind-097-097,西班牙姑娘 La Spagnola,,97,口琴獨奏,口琴獨奏,高中職,V.De Chiara,茒永泰,高雄天韻口琴樂團,,,,https://web.arte.gov.tw/music/upfile/history/個人/口琴獨奏.xls,官方歷年指定曲目 XLS：口琴獨奏,,official-xls,2026-07-03,個人/歷年指定曲,
hist-ind-097-098,美國巡邏兵,,97,口琴獨奏,口琴獨奏,大專,Franck W. Meacham,陳鴻儀,台灣口琴藝術促進會,,,,https://web.arte.gov.tw/music/upfile/history/個人/口琴獨奏.xls,官方歷年指定曲目 XLS：口琴獨奏,,official-xls,2026-07-03,個人/歷年指定曲,
hist-ind-097-099,大海啊故鄉,,97,口琴獨奏,口琴獨奏,大專,中國歌謠,盧鴻麟,台灣口琴藝術促進會,,,,https://web.arte.gov.tw/music/upfile/history/個人/口琴獨奏.xls,官方歷年指定曲目 XLS：口琴獨奏,,official-xls,2026-07-03,個人/歷年指定曲,
hist-ind-097-100,刺激,,97,口琴獨奏,口琴獨奏,大專,Scott Joplin,盧鴻麟,台灣口琴藝術促進會,,,,https://web.arte.gov.tw/music/upfile/history/個人/口琴獨奏.xls,官方歷年指定曲目 XLS：口琴獨奏,,official-xls,2026-07-03,個人/歷年指定曲,
hist-ind-099-101,哆啦A夢,,99,口琴獨奏,口琴獨奏,國小,,蕭莉君,台灣口琴藝術促進會,,,,https://web.arte.gov.tw/music/upfile/history/個人/口琴獨奏.xls,官方歷年指定曲目 XLS：口琴獨奏,,official-xls,2026-07-03,個人/歷年指定曲,
hist-ind-099-102,布拉姆斯搖籃曲Brahms Wiegenslied,,99,口琴獨奏,口琴獨奏,國小,J. Brahms,茒永泰,高雄天韻口琴樂團,,,,https://web.arte.gov.tw/music/upfile/history/個人/口琴獨奏.xls,官方歷年指定曲目 XLS：口琴獨奏,,official-xls,2026-07-03,個人/歷年指定曲,
hist-ind-099-103,菩提樹,,99,口琴獨奏,口琴獨奏,國小,舒伯特,鄭俊仁,台灣口琴藝術促進會,,,,https://web.arte.gov.tw/music/upfile/history/個人/口琴獨奏.xls,官方歷年指定曲目 XLS：口琴獨奏,,official-xls,2026-07-03,個人/歷年指定曲,
hist-ind-099-104,孤戀花,,99,口琴獨奏,口琴獨奏,國中,楊三郎,盧鴻麟,台灣口琴藝術促進會,,,,https://web.arte.gov.tw/music/upfile/history/個人/口琴獨奏.xls,官方歷年指定曲目 XLS：口琴獨奏,,official-xls,2026-07-03,個人/歷年指定曲,
hist-ind-099-105,登山,,99,口琴獨奏,口琴獨奏,國中,Luigi Denza,陳鴻儀,台灣口琴藝術促進會,,,,https://web.arte.gov.tw/music/upfile/history/個人/口琴獨奏.xls,官方歷年指定曲目 XLS：口琴獨奏,,official-xls,2026-07-03,個人/歷年指定曲,
hist-ind-099-106,別在星期天,,99,口琴獨奏,口琴獨奏,國中,曼諾斯.哈德吉達克斯曲,陳鴻儀,台灣口琴藝術促進會,,,,https://web.arte.gov.tw/music/upfile/history/個人/口琴獨奏.xls,官方歷年指定曲目 XLS：口琴獨奏,,official-xls,2026-07-03,個人/歷年指定曲,
hist-ind-099-107,風流寡婦,,99,口琴獨奏,口琴獨奏,高中職,L. Franz,劉志明,高雄市兒童口琴樂團,,,,https://web.arte.gov.tw/music/upfile/history/個人/口琴獨奏.xls,官方歷年指定曲目 XLS：口琴獨奏,,official-xls,2026-07-03,個人/歷年指定曲,
hist-ind-099-108,小夜曲,,99,口琴獨奏,口琴獨奏,高中職,T. Reilly,盧鴻麟,台灣口琴藝術促進會,,,,https://web.arte.gov.tw/music/upfile/history/個人/口琴獨奏.xls,官方歷年指定曲目 XLS：口琴獨奏,,official-xls,2026-07-03,個人/歷年指定曲,
hist-ind-099-109,科羅拉多之月,,99,口琴獨奏,口琴獨奏,高中職,美國民謠,茒永泰,高雄天韻口琴樂團,,,,https://web.arte.gov.tw/music/upfile/history/個人/口琴獨奏.xls,官方歷年指定曲目 XLS：口琴獨奏,,official-xls,2026-07-03,個人/歷年指定曲,
hist-ind-099-110,美麗的陽光,,99,口琴獨奏,口琴獨奏,大專,卡普阿,盧鴻麟,台灣口琴藝術促進會,,,,https://web.arte.gov.tw/music/upfile/history/個人/口琴獨奏.xls,官方歷年指定曲目 XLS：口琴獨奏,,official-xls,2026-07-03,個人/歷年指定曲,
hist-ind-099-111,青青牧場,,99,口琴獨奏,口琴獨奏,大專,捷克民謠,蔣榮欽,台灣口琴藝術促進會,,,,https://web.arte.gov.tw/music/upfile/history/個人/口琴獨奏.xls,官方歷年指定曲目 XLS：口琴獨奏,,official-xls,2026-07-03,個人/歷年指定曲,
hist-ind-099-112,比才小步舞曲,,99,口琴獨奏,口琴獨奏,大專,比才,盧鴻麟,台灣口琴藝術促進會,,,,https://web.arte.gov.tw/music/upfile/history/個人/口琴獨奏.xls,官方歷年指定曲目 XLS：口琴獨奏,,official-xls,2026-07-03,個人/歷年指定曲,
hist-ind-101-113,海肯斯小夜曲,,101,口琴獨奏,口琴獨奏,國小組,海肯斯,盧鴻麟,,,,,https://web.arte.gov.tw/music/upfile/history/個人/口琴獨奏.xls,官方歷年指定曲目 XLS：口琴獨奏,,official-xls,2026-07-03,個人/歷年指定曲,
hist-ind-101-114,老黑爵,,101,口琴獨奏,口琴獨奏,國小組,S. C. Foster,茒永泰,,,,,https://web.arte.gov.tw/music/upfile/history/101學年度全國學生音樂比賽指定曲(全).pdf,101學年度全國學生音樂比賽指定曲（全）,,official-pdf,2026-07-16,個人/歷年指定曲,XLS備註：＜5分
hist-ind-101-115,快樂組曲,,101,口琴獨奏,口琴獨奏,國小組,L. v. Beethoven,陳鴻儀,,,,,https://web.arte.gov.tw/music/upfile/history/個人/口琴獨奏.xls,官方歷年指定曲目 XLS：口琴獨奏,,official-xls,2026-07-03,個人/歷年指定曲,
hist-ind-101-116,雨夜花,,101,口琴獨奏,口琴獨奏,國中組,台灣民謠,楊樹林,,,,,https://web.arte.gov.tw/music/upfile/history/個人/口琴獨奏.xls,官方歷年指定曲目 XLS：口琴獨奏,,official-xls,2026-07-03,個人/歷年指定曲,XLS備註：＜5分
hist-ind-101-117,霍夫曼船歌,,101,口琴獨奏,口琴獨奏,國中組,澳芬巴哈,劉志明,,,,,https://web.arte.gov.tw/music/upfile/history/個人/口琴獨奏.xls,官方歷年指定曲目 XLS：口琴獨奏,,official-xls,2026-07-03,個人/歷年指定曲,
hist-ind-101-118,青青牧場,,101,口琴獨奏,口琴獨奏,國中組,捷克民謠,蔣榮欽,,,,,https://web.arte.gov.tw/music/upfile/history/個人/口琴獨奏.xls,官方歷年指定曲目 XLS：口琴獨奏,,official-xls,2026-07-03,個人/歷年指定曲,
hist-ind-101-119,森林之熊,,101,口琴獨奏,口琴獨奏,高中職組,美國民謠,楊樹林,,,,,https://web.arte.gov.tw/music/upfile/history/個人/口琴獨奏.xls,官方歷年指定曲目 XLS：口琴獨奏,,official-xls,2026-07-03,個人/歷年指定曲,XLS備註：＜5分
hist-ind-101-120,K134第一樂章,,101,口琴獨奏,口琴獨奏,高中職組,W. A. Mozart,盧鴻麟,,,,,https://web.arte.gov.tw/music/upfile/history/個人/口琴獨奏.xls,官方歷年指定曲目 XLS：口琴獨奏,,official-xls,2026-07-03,個人/歷年指定曲,
hist-ind-101-121,別離曲,,101,口琴獨奏,口琴獨奏,高中職組,F. Chopin,蕭莉君,,,,,https://web.arte.gov.tw/music/upfile/history/個人/口琴獨奏.xls,官方歷年指定曲目 XLS：口琴獨奏,,official-xls,2026-07-03,個人/歷年指定曲,XLS備註：＜5分
hist-ind-101-pdf-001,相思河畔,,101,口琴獨奏,口琴獨奏,大專組,泰國民謠,陳鴻儀,,,,,https://web.arte.gov.tw/music/upfile/history/101學年度全國學生音樂比賽指定曲(全).pdf,101學年度全國學生音樂比賽指定曲（全）,,official-pdf,2026-07-16,個人/歷年指定曲,官方歷年 XLS 遺漏；依 101 學年度官方指定曲 PDF 補錄
hist-ind-101-122,桂河大橋,,101,口琴獨奏,口琴獨奏,大專組,Arnold Malcolm,陳鴻儀,,,,,https://web.arte.gov.tw/music/upfile/history/個人/口琴獨奏.xls,官方歷年指定曲目 XLS：口琴獨奏,,official-xls,2026-07-03,個人/歷年指定曲,
hist-ind-101-123,春之歌,,101,口琴獨奏,口琴獨奏,大專組,F. Mendelssohn,楊樹林,,,,,https://web.arte.gov.tw/music/upfile/history/個人/口琴獨奏.xls,官方歷年指定曲目 XLS：口琴獨奏,,official-xls,2026-07-03,個人/歷年指定曲,XLS備註：＜5分
hist-ind-103-124,刺激,,103,口琴獨奏,口琴獨奏,國小組,Scott Joplin,盧鴻麟,,,,,https://web.arte.gov.tw/music/upfile/history/個人/口琴獨奏.xls,官方歷年指定曲目 XLS：口琴獨奏,,official-xls,2026-07-03,個人/歷年指定曲,XLS備註：(03)4940379
hist-ind-103-125,舒伯特搖籃曲Schubert Wiegenslied,,103,口琴獨奏,口琴獨奏,國小組,F. Schubert,茒永泰,,,,,https://web.arte.gov.tw/music/upfile/history/個人/口琴獨奏.xls,官方歷年指定曲目 XLS：口琴獨奏,,official-xls,2026-07-03,個人/歷年指定曲,XLS備註：(07)3227132 高雄市三民區敦化街43號
hist-ind-103-126,孤挺花,,103,口琴獨奏,口琴獨奏,國小組,吉斯,陳鴻儀,,,,,https://web.arte.gov.tw/music/upfile/history/個人/口琴獨奏.xls,官方歷年指定曲目 XLS：口琴獨奏,,official-xls,2026-07-03,個人/歷年指定曲,XLS備註：(03)4940379
hist-ind-103-127,快樂的流浪者,,103,口琴獨奏,口琴獨奏,國中組,Moller,陳鴻儀,,,,,https://web.arte.gov.tw/music/upfile/history/個人/口琴獨奏.xls,官方歷年指定曲目 XLS：口琴獨奏,,official-xls,2026-07-03,個人/歷年指定曲,XLS備註：(03)4940379
hist-ind-103-128,鼓聲隆隆,,103,口琴獨奏,口琴獨奏,國中組,董尼采第,陳鴻儀,,,,,https://web.arte.gov.tw/music/upfile/history/個人/口琴獨奏.xls,官方歷年指定曲目 XLS：口琴獨奏,,official-xls,2026-07-03,個人/歷年指定曲,XLS備註：(03)4940379
hist-ind-103-129,送別,,103,口琴獨奏,口琴獨奏,國中組,李叔同,盧鴻麟,,,,,https://web.arte.gov.tw/music/upfile/history/個人/口琴獨奏.xls,官方歷年指定曲目 XLS：口琴獨奏,,official-xls,2026-07-03,個人/歷年指定曲,XLS備註：(03)4940380
hist-ind-103-130,雨滴不斷打在我頭上Raindrops Keep Falling on My Head,,103,口琴獨奏,口琴獨奏,高中職組,B. Bacharach,茒永泰,,,,,https://web.arte.gov.tw/music/upfile/history/個人/口琴獨奏.xls,官方歷年指定曲目 XLS：口琴獨奏,,official-xls,2026-07-03,個人/歷年指定曲,XLS備註：(07)3227132 高雄市三民區敦化街42號；XLS出版社欄：限定版本
hist-ind-103-131,獵人合唱,,103,口琴獨奏,口琴獨奏,高中職組,Weber,陳鴻儀,,,,,https://web.arte.gov.tw/music/upfile/history/個人/口琴獨奏.xls,官方歷年指定曲目 XLS：口琴獨奏,,official-xls,2026-07-03,個人/歷年指定曲,XLS備註：(03)4940379；XLS出版社欄：限定版本
hist-ind-103-132,月光下的獨航,,103,口琴獨奏,口琴獨奏,高中職組,P. Wenrich,茒永泰,,,,,https://web.arte.gov.tw/music/upfile/history/個人/口琴獨奏.xls,官方歷年指定曲目 XLS：口琴獨奏,,official-xls,2026-07-03,個人/歷年指定曲,XLS備註：(03)4940379；XLS出版社欄：限定版本
hist-ind-103-133,清晨,,103,口琴獨奏,口琴獨奏,大專組,Edvard Grieg,蕭莉君,,,,,https://web.arte.gov.tw/music/upfile/history/個人/口琴獨奏.xls,官方歷年指定曲目 XLS：口琴獨奏,,official-xls,2026-07-03,個人/歷年指定曲,XLS備註：(03)4940379；XLS出版社欄：限定版本
hist-ind-103-134,拿坡里舞曲,,103,口琴獨奏,口琴獨奏,大專組,Tchaikovsky,盧鴻麟,,,,,https://web.arte.gov.tw/music/upfile/history/個人/口琴獨奏.xls,官方歷年指定曲目 XLS：口琴獨奏,,official-xls,2026-07-03,個人/歷年指定曲,XLS備註：(03)4940382；XLS出版社欄：限定版本
hist-ind-103-135,美國巡邏兵,,103,口琴獨奏,口琴獨奏,大專組,Franck W. Meacham,陳鴻儀,,,,,https://web.arte.gov.tw/music/upfile/history/個人/口琴獨奏.xls,官方歷年指定曲目 XLS：口琴獨奏,,official-xls,2026-07-03,個人/歷年指定曲,XLS備註：(03)4940379；XLS出版社欄：限定版本
hist-ind-105-136,蝶戀花,,105,口琴獨奏,口琴獨奏,國小組,洪ㄧ峰,楊樹林,臺灣口琴藝術促進會,,,,https://web.arte.gov.tw/music/upfile/history/個人/口琴獨奏.xls,官方歷年指定曲目 XLS：口琴獨奏,,official-xls,2026-07-03,個人/歷年指定曲,
hist-ind-105-137,PICNIC( 野餐 ),野餐,105,口琴獨奏,口琴獨奏,國小組,英國民謠,陳鴻儀,臺灣口琴藝術促進會,,,,https://web.arte.gov.tw/music/upfile/history/個人/口琴獨奏.xls,官方歷年指定曲目 XLS：口琴獨奏,,official-xls,2026-07-03,個人/歷年指定曲,
hist-ind-105-138,小白花,,105,口琴獨奏,口琴獨奏,國小組,奧地利民謠,永泰,臺灣口琴藝術促進會,,,,https://web.arte.gov.tw/music/upfile/history/個人/口琴獨奏.xls,官方歷年指定曲目 XLS：口琴獨奏,,official-xls,2026-07-03,個人/歷年指定曲,
hist-ind-105-139,星條旗進行曲,,105,口琴獨奏,口琴獨奏,國中組,J. P. Sousa ( 蘇沙 ),盧鴻麟,臺灣口琴藝術促進會,,,,https://web.arte.gov.tw/music/upfile/history/個人/口琴獨奏.xls,官方歷年指定曲目 XLS：口琴獨奏,,official-xls,2026-07-03,個人/歷年指定曲,
hist-ind-105-140,Der Vogelfanger bin ich ja( 我是快樂的捕鳥人 ),我是快樂的捕鳥人,105,口琴獨奏,口琴獨奏,國中組,W. A. Mozart,陳瑤容,臺灣口琴藝術促進會,,,,https://web.arte.gov.tw/music/upfile/history/個人/口琴獨奏.xls,官方歷年指定曲目 XLS：口琴獨奏,,official-xls,2026-07-03,個人/歷年指定曲,
hist-ind-105-141,Gavotte（嘉禾舞曲）,嘉禾舞曲,105,口琴獨奏,口琴獨奏,國中組,Gossec,盧鴻麟,臺灣口琴藝術促進會,,,,https://web.arte.gov.tw/music/upfile/history/個人/口琴獨奏.xls,官方歷年指定曲目 XLS：口琴獨奏,,official-xls,2026-07-03,個人/歷年指定曲,
hist-ind-105-142,Volevo un Gotto Nero,,105,口琴獨奏,口琴獨奏,高中職組,義大利民謠,陳鴻儀,臺灣口琴藝術促進會,,,,https://web.arte.gov.tw/music/upfile/history/個人/口琴獨奏.xls,官方歷年指定曲目 XLS：口琴獨奏,,official-xls,2026-07-03,個人/歷年指定曲,
hist-ind-105-143,故鄉的親人,,105,口琴獨奏,口琴獨奏,高中職組,Foster,楊樹林,臺灣口琴藝術促進會,,,,https://web.arte.gov.tw/music/upfile/history/個人/口琴獨奏.xls,官方歷年指定曲目 XLS：口琴獨奏,,official-xls,2026-07-03,個人/歷年指定曲,
hist-ind-105-144,別離曲,,105,口琴獨奏,口琴獨奏,高中職組,F. F. Chopin,蕭莉君,臺灣口琴藝術促進會,,,,https://web.arte.gov.tw/music/upfile/history/個人/口琴獨奏.xls,官方歷年指定曲目 XLS：口琴獨奏,,official-xls,2026-07-03,個人/歷年指定曲,
hist-ind-105-145,兩杯茶,,105,口琴獨奏,口琴獨奏,大專組,Vincent Youmans,陳鴻儀,臺灣口琴藝術促進會,,,,https://web.arte.gov.tw/music/upfile/history/個人/口琴獨奏.xls,官方歷年指定曲目 XLS：口琴獨奏,,official-xls,2026-07-03,個人/歷年指定曲,
hist-ind-105-146,第21號鋼琴協奏曲K467 II,,105,口琴獨奏,口琴獨奏,大專組,W. A. Mozart,陳瑤容,臺灣口琴藝術促進會,,,,https://web.arte.gov.tw/music/upfile/history/個人/口琴獨奏.xls,官方歷年指定曲目 XLS：口琴獨奏,,official-xls,2026-07-03,個人/歷年指定曲,
hist-ind-105-147,Besame Mucho,,105,口琴獨奏,口琴獨奏,大專組,Consuelo Velazquez,陳鴻儀,臺灣口琴藝術促進會,,,,https://web.arte.gov.tw/music/upfile/history/個人/口琴獨奏.xls,官方歷年指定曲目 XLS：口琴獨奏,,official-xls,2026-07-03,個人/歷年指定曲,
hist-ind-107-148,快樂的流浪者,,107,口琴獨奏,口琴獨奏,國小組,Moller,陳鴻儀,獨特音樂（The Duet）工作室,,,,https://web.arte.gov.tw/music/upfile/history/個人/口琴獨奏.xls,官方歷年指定曲目 XLS：口琴獨奏,,official-xls,2026-07-03,個人/歷年指定曲,
hist-ind-107-149,西風的話,,107,口琴獨奏,口琴獨奏,國小組,黃自,賴建穎,博凱愛樂口琴交響樂團,,,,https://web.arte.gov.tw/music/upfile/history/個人/口琴獨奏.xls,官方歷年指定曲目 XLS：口琴獨奏,,official-xls,2026-07-03,個人/歷年指定曲,
hist-ind-107-150,胡桃鉗組曲之序曲,,107,口琴獨奏,口琴獨奏,國小組,P.I.Tchaikovsky,陳瑤容,獨特音樂（The Duet）工作室,,,,https://web.arte.gov.tw/music/upfile/history/個人/口琴獨奏.xls,官方歷年指定曲目 XLS：口琴獨奏,,official-xls,2026-07-03,個人/歷年指定曲,
hist-ind-107-151,口琴奏鳴曲第一樂章,,107,口琴獨奏,口琴獨奏,國中組,林家靖,林家靖,林家靖,,,,https://web.arte.gov.tw/music/upfile/history/個人/口琴獨奏.xls,官方歷年指定曲目 XLS：口琴獨奏,,official-xls,2026-07-03,個人/歷年指定曲,
hist-ind-107-152,往事難忘,,107,口琴獨奏,口琴獨奏,國中組,T. H. Bayly,張甫行,張甫行老師編曲,,,,https://web.arte.gov.tw/music/upfile/history/個人/口琴獨奏.xls,官方歷年指定曲目 XLS：口琴獨奏,,official-xls,2026-07-03,個人/歷年指定曲,
hist-ind-107-153,西湖春,,107,口琴獨奏,口琴獨奏,國中組,陳歌辛,盧鴻麟,臺北黃石口琴樂團,,,,https://web.arte.gov.tw/music/upfile/history/個人/口琴獨奏.xls,官方歷年指定曲目 XLS：口琴獨奏,,official-xls,2026-07-03,個人/歷年指定曲,
hist-ind-107-154,口琴奏鳴曲第二樂章,,107,口琴獨奏,口琴獨奏,高中職組,林家靖,林家靖,林家靖,,,,https://web.arte.gov.tw/music/upfile/history/個人/口琴獨奏.xls,官方歷年指定曲目 XLS：口琴獨奏,,official-xls,2026-07-03,個人/歷年指定曲,
hist-ind-107-155,鄉間的小路,,107,口琴獨奏,口琴獨奏,高中職組,葉佳修,賴建穎,博凱愛樂口琴交響樂團,,,,https://web.arte.gov.tw/music/upfile/history/個人/口琴獨奏.xls,官方歷年指定曲目 XLS：口琴獨奏,,official-xls,2026-07-03,個人/歷年指定曲,
hist-ind-107-156,Serenade of The Student Prince（學生王子之小夜曲）,學生王子之小夜曲,107,口琴獨奏,口琴獨奏,高中職組,Sigmund Romberg,陳鴻儀,獨特音樂（The Duet）工作室,,,,https://web.arte.gov.tw/music/upfile/history/個人/口琴獨奏.xls,官方歷年指定曲目 XLS：口琴獨奏,,official-xls,2026-07-03,個人/歷年指定曲,
hist-ind-107-157,別離曲,,107,口琴獨奏,口琴獨奏,大專組,F. F. Chopin,蕭莉君,臺北黃石口琴樂團,,,,https://web.arte.gov.tw/music/upfile/history/個人/口琴獨奏.xls,官方歷年指定曲目 XLS：口琴獨奏,,official-xls,2026-07-03,個人/歷年指定曲,
hist-ind-107-158,康城賽馬,,107,口琴獨奏,口琴獨奏,大專組,S. Foster,張甫行,張甫行老師編曲,,,,https://web.arte.gov.tw/music/upfile/history/個人/口琴獨奏.xls,官方歷年指定曲目 XLS：口琴獨奏,,official-xls,2026-07-03,個人/歷年指定曲,
hist-ind-107-159,Traumerei（夢幻曲）,夢幻曲,107,口琴獨奏,口琴獨奏,大專組,Schumann,永泰,獨特音樂（The Duet）工作室,,,,https://web.arte.gov.tw/music/upfile/history/個人/口琴獨奏.xls,官方歷年指定曲目 XLS：口琴獨奏,,official-xls,2026-07-03,個人/歷年指定曲,
hist-ind-109-160,黑白溜冰鞋,,109,口琴獨奏,口琴獨奏,國小組,林家靖,,Rolabo工作室,,,,https://web.arte.gov.tw/music/upfile/history/個人/口琴獨奏.xls,官方歷年指定曲目 XLS：口琴獨奏,,official-xls,2026-07-03,個人/歷年指定曲,
hist-ind-109-161,小步舞曲 (Minuet),Minuet,109,口琴獨奏,口琴獨奏,國小組,J.S.Bach,陳鴻儀,獨特音樂(The Duet)工作室,,,,https://web.arte.gov.tw/music/upfile/history/個人/口琴獨奏.xls,官方歷年指定曲目 XLS：口琴獨奏,,official-xls,2026-07-03,個人/歷年指定曲,
hist-ind-109-162,瑞士迎賓曲,,109,口琴獨奏,口琴獨奏,國小組,瑞士山歌,蕭莉君,台北黃石口琴樂團,,,,https://web.arte.gov.tw/music/upfile/history/個人/口琴獨奏.xls,官方歷年指定曲目 XLS：口琴獨奏,,official-xls,2026-07-03,個人/歷年指定曲,
hist-ind-109-163,Taiwan Identity_J,,109,口琴獨奏,口琴獨奏,國中組,姚舜凡,,丸玩琴音樂,,,,https://web.arte.gov.tw/music/upfile/history/個人/口琴獨奏.xls,官方歷年指定曲目 XLS：口琴獨奏,,official-xls,2026-07-03,個人/歷年指定曲,
hist-ind-109-164,A Garden in Italy (義大利花園),義大利花園,109,口琴獨奏,口琴獨奏,國中組,"Erwin ,Valentine",陳鴻儀,獨特音樂(The Duet)工作室,,,,https://web.arte.gov.tw/music/upfile/history/個人/口琴獨奏.xls,官方歷年指定曲目 XLS：口琴獨奏,,official-xls,2026-07-03,個人/歷年指定曲,
hist-ind-109-165,桃花過渡,,109,口琴獨奏,口琴獨奏,國中組,台灣嘉南車鼓舞,陳鴻儀,獨特音樂(THE DUET)工作室,,,,https://web.arte.gov.tw/music/upfile/history/個人/口琴獨奏.xls,官方歷年指定曲目 XLS：口琴獨奏,,official-xls,2026-07-03,個人/歷年指定曲,
hist-ind-109-166,回憶-迎神,,109,口琴獨奏,口琴獨奏,高中職組,郭芝苑,劉靜瑋,丸玩琴音樂,,,,https://web.arte.gov.tw/music/upfile/history/個人/口琴獨奏.xls,官方歷年指定曲目 XLS：口琴獨奏,,official-xls,2026-07-03,個人/歷年指定曲,
hist-ind-109-167,婚禮的祝福 (La Novia),La Novia,109,口琴獨奏,口琴獨奏,高中職組,Joaquin Prieto,茒永泰,高雄口琴藝術合奏團 (2018年12月31日版),,,,https://web.arte.gov.tw/music/upfile/history/個人/口琴獨奏.xls,官方歷年指定曲目 XLS：口琴獨奏,,official-xls,2026-07-03,個人/歷年指定曲,
hist-ind-109-168,第二圓舞曲,,109,口琴獨奏,口琴獨奏,高中職組,蕭斯塔科維奇,SIBM盧,台北黃石口琴樂團,,,,https://web.arte.gov.tw/music/upfile/history/個人/口琴獨奏.xls,官方歷年指定曲目 XLS：口琴獨奏,,official-xls,2026-07-03,個人/歷年指定曲,
hist-ind-109-169,聽拉氏有感,,109,口琴獨奏,口琴獨奏,大專組,林家靖,,Rolabo工作室,,,,https://web.arte.gov.tw/music/upfile/history/個人/口琴獨奏.xls,官方歷年指定曲目 XLS：口琴獨奏,,official-xls,2026-07-03,個人/歷年指定曲,
hist-ind-109-170,紅玫瑰,,109,口琴獨奏,口琴獨奏,大專組,波蘭民謠,蕭莉君,台北黃石口琴樂團,,,,https://web.arte.gov.tw/music/upfile/history/個人/口琴獨奏.xls,官方歷年指定曲目 XLS：口琴獨奏,,official-xls,2026-07-03,個人/歷年指定曲,
hist-ind-109-171,望春風變奏曲,,109,口琴獨奏,口琴獨奏,大專組,鄧雨賢,SIBM盧,台北黃石口琴樂團,,,,https://web.arte.gov.tw/music/upfile/history/個人/口琴獨奏.xls,官方歷年指定曲目 XLS：口琴獨奏,,official-xls,2026-07-03,個人/歷年指定曲,
hist-ind-111-172,孤挺花,,111,口琴獨奏,口琴獨奏,國小組,吉斯,陳鴻儀,獨特音樂（The Duet）,,,,https://web.arte.gov.tw/music/upfile/history/個人/口琴獨奏.xls,官方歷年指定曲目 XLS：口琴獨奏,,official-xls,2026-07-03,個人/歷年指定曲,
hist-ind-111-173,媽媽的眼睛,,111,口琴獨奏,口琴獨奏,國小組,佚名(童謠),SIBM盧,臺北黃石口琴樂團,,,,https://web.arte.gov.tw/music/upfile/history/個人/口琴獨奏.xls,官方歷年指定曲目 XLS：口琴獨奏,,official-xls,2026-07-03,個人/歷年指定曲,
hist-ind-111-174,桃花鄉,,111,口琴獨奏,口琴獨奏,國小組,臺灣歌謠,陳鴻儀,獨特音樂（The Duet）,,,,https://web.arte.gov.tw/music/upfile/history/個人/口琴獨奏.xls,官方歷年指定曲目 XLS：口琴獨奏,,official-xls,2026-07-03,個人/歷年指定曲,
hist-ind-111-175,口琴奏鳴曲第三樂章,,111,口琴獨奏,口琴獨奏,國中組,林家靖,林家靖,林家靖,,,,https://web.arte.gov.tw/music/upfile/history/個人/口琴獨奏.xls,官方歷年指定曲目 XLS：口琴獨奏,,official-xls,2026-07-03,個人/歷年指定曲,
hist-ind-111-176,野宴,,111,口琴獨奏,口琴獨奏,國中組,英國民謠,彭仁傑,好魔力口琴樂團,,,,https://web.arte.gov.tw/music/upfile/history/個人/口琴獨奏.xls,官方歷年指定曲目 XLS：口琴獨奏,,official-xls,2026-07-03,個人/歷年指定曲,
hist-ind-111-177,茉莉花,,111,口琴獨奏,口琴獨奏,國中組,中國民謠,陳鴻儀,獨特音樂（The Duet）,,,,https://web.arte.gov.tw/music/upfile/history/個人/口琴獨奏.xls,官方歷年指定曲目 XLS：口琴獨奏,,official-xls,2026-07-03,個人/歷年指定曲,
hist-ind-111-178,挪威舞曲第2號,,111,口琴獨奏,口琴獨奏,高中職組,葛利格,陳晟禕,狂響口琴樂團,,,,https://web.arte.gov.tw/music/upfile/history/個人/口琴獨奏.xls,官方歷年指定曲目 XLS：口琴獨奏,,official-xls,2026-07-03,個人/歷年指定曲,
hist-ind-111-179,望春風,,111,口琴獨奏,口琴獨奏,高中職組,鄧雨賢,彭仁傑,好魔力口琴樂團,,,,https://web.arte.gov.tw/music/upfile/history/個人/口琴獨奏.xls,官方歷年指定曲目 XLS：口琴獨奏,,official-xls,2026-07-03,個人/歷年指定曲,
hist-ind-111-180,醉人的TANGO,,111,口琴獨奏,口琴獨奏,高中職組,E. V. Malderen,SIBM盧,臺北黃石口琴樂團,,,,https://web.arte.gov.tw/music/upfile/history/個人/口琴獨奏.xls,官方歷年指定曲目 XLS：口琴獨奏,,official-xls,2026-07-03,個人/歷年指定曲,
hist-ind-111-181,康城賽馬,,111,口琴獨奏,口琴獨奏,大專組,S. Foster,張甫行,,,,,https://web.arte.gov.tw/music/upfile/history/個人/口琴獨奏.xls,官方歷年指定曲目 XLS：口琴獨奏,,official-xls,2026-07-03,個人/歷年指定曲,XLS出版社欄：限定版本
hist-ind-111-182,南都夜曲,,111,口琴獨奏,口琴獨奏,大專組,臺灣民謠,陳鴻儀,獨特音樂（The Duet）,,,,https://web.arte.gov.tw/music/upfile/history/個人/口琴獨奏.xls,官方歷年指定曲目 XLS：口琴獨奏,,official-xls,2026-07-03,個人/歷年指定曲,
hist-ind-111-183,黃昏的故鄉,,111,口琴獨奏,口琴獨奏,大專組,中野忠晴,彭仁傑,好魔力口琴樂團,,,,https://web.arte.gov.tw/music/upfile/history/個人/口琴獨奏.xls,官方歷年指定曲目 XLS：口琴獨奏,,official-xls,2026-07-03,個人/歷年指定曲,
hist-ind-113-184,小白花,,113,口琴獨奏,口琴獨奏,國小組,奧地利民謠,茒永泰,高雄天韻口琴樂團,,,,https://web.arte.gov.tw/music/upfile/history/個人/口琴獨奏.xls,官方歷年指定曲目 XLS：口琴獨奏,,official-xls,2026-07-03,個人/歷年指定曲,
hist-ind-113-186,馬蘭情歌,,113,口琴獨奏,口琴獨奏,國小組,阿美族古調,陳鴻儀,獨特音樂（The Duet）工作室,,,,https://web.arte.gov.tw/music/upfile/history/個人/口琴獨奏.xls,官方歷年指定曲目 XLS：口琴獨奏,,official-xls,2026-07-03,個人/歷年指定曲,
hist-ind-113-187,A Garden in Italy (義大利花園),義大利花園,113,口琴獨奏,口琴獨奏,國中組,"Erwin, Valentine",陳鴻儀,獨特音樂（The Duet）工作室,,,,https://web.arte.gov.tw/music/upfile/history/個人/口琴獨奏.xls,官方歷年指定曲目 XLS：口琴獨奏,,official-xls,2026-07-03,個人/歷年指定曲,
hist-ind-113-189,玫瑰玫瑰我愛你,,113,口琴獨奏,口琴獨奏,國中組,陳歌辛,彭仁傑,好魔力口琴樂團,,,,https://web.arte.gov.tw/music/upfile/history/個人/口琴獨奏.xls,官方歷年指定曲目 XLS：口琴獨奏,,official-xls,2026-07-03,個人/歷年指定曲,
hist-ind-113-191,望春風,,113,口琴獨奏,口琴獨奏,高中職組,鄧雨賢,盧鴻麟,臺北黃石口琴樂團,,,,https://web.arte.gov.tw/music/upfile/history/個人/口琴獨奏.xls,官方歷年指定曲目 XLS：口琴獨奏,,official-xls,2026-07-03,個人/歷年指定曲,
hist-ind-113-192,十八姑娘,,113,口琴獨奏,口琴獨奏,高中職組,鄧雨賢,彭仁傑,好魔力口琴樂團,,,,https://web.arte.gov.tw/music/upfile/history/個人/口琴獨奏.xls,官方歷年指定曲目 XLS：口琴獨奏,,official-xls,2026-07-03,個人/歷年指定曲,
hist-ind-113-193,第21號鋼琴協奏曲K467 II,,113,口琴獨奏,口琴獨奏,大專組,W. A. Mozart,陳瑤容,獨特音樂（The Duet）工作室,,,,https://web.arte.gov.tw/music/upfile/history/個人/口琴獨奏.xls,官方歷年指定曲目 XLS：口琴獨奏,,official-xls,2026-07-03,個人/歷年指定曲,
hist-ind-113-194,雨夜花,,113,口琴獨奏,口琴獨奏,大專組,鄧雨賢,盧鴻麟,臺北黃石口琴樂團,,,,https://web.arte.gov.tw/music/upfile/history/個人/口琴獨奏.xls,官方歷年指定曲目 XLS：口琴獨奏,,official-xls,2026-07-03,個人/歷年指定曲,
hist-ens-082-001,杜鵑圓舞曲,,82,口琴合奏,口琴合奏,國中小,,楊樹琳,,,,,https://web.arte.gov.tw/music/upfile/history/團體/口琴合奏.xls,官方歷年指定曲目 XLS：口琴合奏,,official-xls,2026-07-03,團體/合奏/歷年指定曲,
hist-ens-082-002,印凡卡其爾進行曲,,82,口琴合奏,口琴合奏,高中,,林恆,,,,,https://web.arte.gov.tw/music/upfile/history/團體/口琴合奏.xls,官方歷年指定曲目 XLS：口琴合奏,,official-xls,2026-07-03,團體/合奏/歷年指定曲,
hist-ens-082-003,美國巡邏兵,,82,口琴合奏,口琴合奏,大專,,盧鴻麟,,,,,https://web.arte.gov.tw/music/upfile/history/團體/口琴合奏.xls,官方歷年指定曲目 XLS：口琴合奏,,official-xls,2026-07-03,團體/合奏/歷年指定曲,
hist-ens-082-004,舊友進行曲,,82,口琴合奏,口琴合奏,社會,,廖訓禎,,,,,https://web.arte.gov.tw/music/upfile/history/團體/口琴合奏.xls,官方歷年指定曲目 XLS：口琴合奏,,official-xls,2026-07-03,團體/合奏/歷年指定曲,
hist-ens-083-005,滿園春色,,83,口琴合奏,口琴合奏,國中小,,沈友憔,,,,,https://web.arte.gov.tw/music/upfile/history/團體/口琴合奏.xls,官方歷年指定曲目 XLS：口琴合奏,,official-xls,2026-07-03,團體/合奏/歷年指定曲,XLS備註：二選一
hist-ens-083-006,砲兵進行曲,,83,口琴合奏,口琴合奏,國中小,,林恆,,,,,https://web.arte.gov.tw/music/upfile/history/團體/口琴合奏.xls,官方歷年指定曲目 XLS：口琴合奏,,official-xls,2026-07-03,團體/合奏/歷年指定曲,
hist-ens-083-007,挪威舞曲,,83,口琴合奏,口琴合奏,高中,,陳鴻儀,,,,,https://web.arte.gov.tw/music/upfile/history/團體/口琴合奏.xls,官方歷年指定曲目 XLS：口琴合奏,,official-xls,2026-07-03,團體/合奏/歷年指定曲,XLS備註：二選一
hist-ens-083-008,步兵進行曲,,83,口琴合奏,口琴合奏,高中,,林恆,,,,,https://web.arte.gov.tw/music/upfile/history/團體/口琴合奏.xls,官方歷年指定曲目 XLS：口琴合奏,,official-xls,2026-07-03,團體/合奏/歷年指定曲,
hist-ens-083-009,羅雷萊,,83,口琴合奏,口琴合奏,大專,,盧鴻麟,,,,,https://web.arte.gov.tw/music/upfile/history/團體/口琴合奏.xls,官方歷年指定曲目 XLS：口琴合奏,,official-xls,2026-07-03,團體/合奏/歷年指定曲,XLS備註：二選一
hist-ens-083-010,賴德斯基進行曲,,83,口琴合奏,口琴合奏,大專,,曾國穩,,,,,https://web.arte.gov.tw/music/upfile/history/團體/口琴合奏.xls,官方歷年指定曲目 XLS：口琴合奏,,official-xls,2026-07-03,團體/合奏/歷年指定曲,
hist-ens-083-011,四季〈春天〉,,83,口琴合奏,口琴合奏,社會,,廖訓禎,,,,,https://web.arte.gov.tw/music/upfile/history/團體/口琴合奏.xls,官方歷年指定曲目 XLS：口琴合奏,,official-xls,2026-07-03,團體/合奏/歷年指定曲,XLS備註：二選一
hist-ens-083-012,海肯斯小夜曲,,83,口琴合奏,口琴合奏,社會,,林恆,,,,,https://web.arte.gov.tw/music/upfile/history/團體/口琴合奏.xls,官方歷年指定曲目 XLS：口琴合奏,,official-xls,2026-07-03,團體/合奏/歷年指定曲,
hist-ens-084-013,杜鵑圓舞曲,,84,口琴合奏,口琴合奏,國小,E.Janason,楊樹林,,,,,https://web.arte.gov.tw/music/upfile/history/團體/口琴合奏.xls,官方歷年指定曲目 XLS：口琴合奏,,official-xls,2026-07-03,團體/合奏/歷年指定曲,
hist-ens-084-014,小星星變奏曲,,84,口琴合奏,口琴合奏,國小,法國民謠,廖訓禎,,,,,https://web.arte.gov.tw/music/upfile/history/團體/口琴合奏.xls,官方歷年指定曲目 XLS：口琴合奏,,official-xls,2026-07-03,團體/合奏/歷年指定曲,
hist-ens-084-015,杜鵑圓舞曲,,84,口琴合奏,口琴合奏,國中,E.Janason,楊樹林,,,,,https://web.arte.gov.tw/music/upfile/history/團體/口琴合奏.xls,官方歷年指定曲目 XLS：口琴合奏,,official-xls,2026-07-03,團體/合奏/歷年指定曲,
hist-ens-084-016,小星星變奏曲,,84,口琴合奏,口琴合奏,國中,法國民謠,廖訓禎,,,,,https://web.arte.gov.tw/music/upfile/history/團體/口琴合奏.xls,官方歷年指定曲目 XLS：口琴合奏,,official-xls,2026-07-03,團體/合奏/歷年指定曲,
hist-ens-084-017,孤挺花,,84,口琴合奏,口琴合奏,高中,,陳鴻儀,,,,,https://web.arte.gov.tw/music/upfile/history/團體/口琴合奏.xls,官方歷年指定曲目 XLS：口琴合奏,,official-xls,2026-07-03,團體/合奏/歷年指定曲,
hist-ens-084-018,印凡卡其爾,,84,口琴合奏,口琴合奏,高中,,林恆,,,,,https://web.arte.gov.tw/music/upfile/history/團體/口琴合奏.xls,官方歷年指定曲目 XLS：口琴合奏,,official-xls,2026-07-03,團體/合奏/歷年指定曲,
hist-ens-084-019,愛琴海珍珠,,84,口琴合奏,口琴合奏,大專,Augusto Alguero,盧鴻麟,,,,,https://web.arte.gov.tw/music/upfile/history/團體/口琴合奏.xls,官方歷年指定曲目 XLS：口琴合奏,,official-xls,2026-07-03,團體/合奏/歷年指定曲,
hist-ens-084-020,愛國風光,,84,口琴合奏,口琴合奏,大專,,林恆,,,,,https://web.arte.gov.tw/music/upfile/history/團體/口琴合奏.xls,官方歷年指定曲目 XLS：口琴合奏,,official-xls,2026-07-03,團體/合奏/歷年指定曲,
hist-ens-084-021,相思燈,,84,口琴合奏,口琴合奏,社會,,廖訓禎,,,,,https://web.arte.gov.tw/music/upfile/history/團體/口琴合奏.xls,官方歷年指定曲目 XLS：口琴合奏,,official-xls,2026-07-03,團體/合奏/歷年指定曲,
hist-ens-084-022,採珠人之戀,,84,口琴合奏,口琴合奏,社會,Bizet,盧鴻麟,,,,,https://web.arte.gov.tw/music/upfile/history/團體/口琴合奏.xls,官方歷年指定曲目 XLS：口琴合奏,,official-xls,2026-07-03,團體/合奏/歷年指定曲,
hist-ens-085-023,維也納進行曲,,85,口琴合奏,口琴合奏,國小,徹爾尼,陳鴻儀,中華民國口琴藝術促進會,,,,https://web.arte.gov.tw/music/upfile/history/團體/口琴合奏.xls,官方歷年指定曲目 XLS：口琴合奏,,official-xls,2026-07-03,團體/合奏/歷年指定曲,
hist-ens-085-024,夕陽西沉,,85,口琴合奏,口琴合奏,國小,西洋名曲,沈友樵,中華民國口琴藝術促進會,,,,https://web.arte.gov.tw/music/upfile/history/團體/口琴合奏.xls,官方歷年指定曲目 XLS：口琴合奏,,official-xls,2026-07-03,團體/合奏/歷年指定曲,
hist-ens-085-025,維也納進行曲,,85,口琴合奏,口琴合奏,國中,徹爾尼,陳鴻儀,中華民國口琴藝術促進會,,,,https://web.arte.gov.tw/music/upfile/history/團體/口琴合奏.xls,官方歷年指定曲目 XLS：口琴合奏,,official-xls,2026-07-03,團體/合奏/歷年指定曲,
hist-ens-085-026,夕陽西沉,,85,口琴合奏,口琴合奏,國中,西洋名曲,沈友樵,中華民國口琴藝術促進會,,,,https://web.arte.gov.tw/music/upfile/history/團體/口琴合奏.xls,官方歷年指定曲目 XLS：口琴合奏,,official-xls,2026-07-03,團體/合奏/歷年指定曲,
hist-ens-085-027,小天鵝之舞,,85,口琴合奏,口琴合奏,高中,柴可夫斯基,盧鴻麟,中華民國口琴藝術促進會,,,,https://web.arte.gov.tw/music/upfile/history/團體/口琴合奏.xls,官方歷年指定曲目 XLS：口琴合奏,,official-xls,2026-07-03,團體/合奏/歷年指定曲,
hist-ens-085-028,西班牙鬥牛舞曲,,85,口琴合奏,口琴合奏,高中,西班牙民謠,曾國穩,中華民國口琴藝術促進會,,,,https://web.arte.gov.tw/music/upfile/history/團體/口琴合奏.xls,官方歷年指定曲目 XLS：口琴合奏,,official-xls,2026-07-03,團體/合奏/歷年指定曲,
hist-ens-085-029,安妮特拉舞曲,,85,口琴合奏,口琴合奏,大專,葛利格,盧鴻麟,中華民國口琴藝術促進會,,,,https://web.arte.gov.tw/music/upfile/history/團體/口琴合奏.xls,官方歷年指定曲目 XLS：口琴合奏,,official-xls,2026-07-03,團體/合奏/歷年指定曲,
hist-ens-085-030,豐年祭,,85,口琴合奏,口琴合奏,大專,夏炎(原住民民謠),陳鴻儀,中華民國口琴藝術促進會,,,,https://web.arte.gov.tw/music/upfile/history/團體/口琴合奏.xls,官方歷年指定曲目 XLS：口琴合奏,,official-xls,2026-07-03,團體/合奏/歷年指定曲,
hist-ens-085-031,挪威舞曲,,85,口琴合奏,口琴合奏,社會,葛利格,陳鴻儀,中華民國口琴藝術促進會,,,,https://web.arte.gov.tw/music/upfile/history/團體/口琴合奏.xls,官方歷年指定曲目 XLS：口琴合奏,,official-xls,2026-07-03,團體/合奏/歷年指定曲,
hist-ens-085-032,四季--春,,85,口琴合奏,口琴合奏,社會,韋瓦第,廖訓禎,中華民國口琴藝術促進會,,,,https://web.arte.gov.tw/music/upfile/history/團體/口琴合奏.xls,官方歷年指定曲目 XLS：口琴合奏,,official-xls,2026-07-03,團體/合奏/歷年指定曲,
hist-ens-086-033,杜鵑圓舞曲,,86,口琴合奏,口琴合奏,國小,E.Janason,楊樹林,中華民國口琴藝術促進會,,,,https://web.arte.gov.tw/music/upfile/history/團體/口琴合奏.xls,官方歷年指定曲目 XLS：口琴合奏,,official-xls,2026-07-03,團體/合奏/歷年指定曲,
hist-ens-086-034,小星星變奏曲,,86,口琴合奏,口琴合奏,國小,法國民謠,廖訓禎,中華民國口琴藝術促進會,,,,https://web.arte.gov.tw/music/upfile/history/團體/口琴合奏.xls,官方歷年指定曲目 XLS：口琴合奏,,official-xls,2026-07-03,團體/合奏/歷年指定曲,
hist-ens-086-035,杜鵑圓舞曲,,86,口琴合奏,口琴合奏,國中,E.Janason,楊樹林,中華民國口琴藝術促進會,,,,https://web.arte.gov.tw/music/upfile/history/團體/口琴合奏.xls,官方歷年指定曲目 XLS：口琴合奏,,official-xls,2026-07-03,團體/合奏/歷年指定曲,
hist-ens-086-036,小星星變奏曲,,86,口琴合奏,口琴合奏,國中,法國民謠,廖訓禎,中華民國口琴藝術促進會,,,,https://web.arte.gov.tw/music/upfile/history/團體/口琴合奏.xls,官方歷年指定曲目 XLS：口琴合奏,,official-xls,2026-07-03,團體/合奏/歷年指定曲,
hist-ens-086-037,挪威舞曲,,86,口琴合奏,口琴合奏,高中,葛利格,陳鴻儀,中華民國口琴藝術促進會,,,,https://web.arte.gov.tw/music/upfile/history/團體/口琴合奏.xls,官方歷年指定曲目 XLS：口琴合奏,,official-xls,2026-07-03,團體/合奏/歷年指定曲,
hist-ens-086-038,化妝舞,,86,口琴合奏,口琴合奏,高中,探戈名曲,曾國穩,中華民國口琴藝術促進會,,,,https://web.arte.gov.tw/music/upfile/history/團體/口琴合奏.xls,官方歷年指定曲目 XLS：口琴合奏,,official-xls,2026-07-03,團體/合奏/歷年指定曲,
hist-ens-086-039,美國巡邏兵,,86,口琴合奏,口琴合奏,大專,Meacham,盧鴻麟,中華民國口琴藝術促進會,,,,https://web.arte.gov.tw/music/upfile/history/團體/口琴合奏.xls,官方歷年指定曲目 XLS：口琴合奏,,official-xls,2026-07-03,團體/合奏/歷年指定曲,
hist-ens-086-040,愛琴海珍珠,,86,口琴合奏,口琴合奏,大專,Augusto Alguero,盧鴻麟,中華民國口琴藝術促進會,,,,https://web.arte.gov.tw/music/upfile/history/團體/口琴合奏.xls,官方歷年指定曲目 XLS：口琴合奏,,official-xls,2026-07-03,團體/合奏/歷年指定曲,
hist-ens-086-041,舊友進行曲,,86,口琴合奏,口琴合奏,社會,Karl Teike,廖訓禎,中華民國口琴藝術促進會,,,,https://web.arte.gov.tw/music/upfile/history/團體/口琴合奏.xls,官方歷年指定曲目 XLS：口琴合奏,,official-xls,2026-07-03,團體/合奏/歷年指定曲,
hist-ens-086-042,採珠人之戀,,86,口琴合奏,口琴合奏,社會,Bizet,盧鴻麟,中華民國口琴藝術促進會,,,,https://web.arte.gov.tw/music/upfile/history/團體/口琴合奏.xls,官方歷年指定曲目 XLS：口琴合奏,,official-xls,2026-07-03,團體/合奏/歷年指定曲,
hist-ens-087-043,維也納進行曲,,87,口琴合奏,口琴合奏,國小,徹爾尼,陳鴻儀,中華民國口琴藝術促進會,,,,https://web.arte.gov.tw/music/upfile/history/團體/口琴合奏.xls,官方歷年指定曲目 XLS：口琴合奏,,official-xls,2026-07-03,團體/合奏/歷年指定曲,
hist-ens-087-044,維也納進行曲,,87,口琴合奏,口琴合奏,國中,徹爾尼,陳鴻儀,中華民國口琴藝術促進會,,,,https://web.arte.gov.tw/music/upfile/history/團體/口琴合奏.xls,官方歷年指定曲目 XLS：口琴合奏,,official-xls,2026-07-03,團體/合奏/歷年指定曲,
hist-ens-087-045,挪威舞曲,,87,口琴合奏,口琴合奏,高中,葛利格,陳鴻儀,中華民國口琴藝術促進會,,,,https://web.arte.gov.tw/music/upfile/history/團體/口琴合奏.xls,官方歷年指定曲目 XLS：口琴合奏,,official-xls,2026-07-03,團體/合奏/歷年指定曲,
hist-ens-087-046,豐年祭,,87,口琴合奏,口琴合奏,大專,夏炎(原住民民謠),陳鴻儀,中華民國口琴藝術促進會,,,,https://web.arte.gov.tw/music/upfile/history/團體/口琴合奏.xls,官方歷年指定曲目 XLS：口琴合奏,,official-xls,2026-07-03,團體/合奏/歷年指定曲,
hist-ens-087-047,四季--春 (第一樂章),第一樂章,87,口琴合奏,口琴合奏,社會,韋瓦第,廖訓禎,中華民國口琴藝術促進會,,,,https://web.arte.gov.tw/music/upfile/history/團體/口琴合奏.xls,官方歷年指定曲目 XLS：口琴合奏,,official-xls,2026-07-03,團體/合奏/歷年指定曲,
hist-ens-088-048,庫斯克郵車,,88,口琴合奏,口琴合奏,國小,H. Nick,楊樹林,HAPA,,,,https://web.arte.gov.tw/music/upfile/history/團體/口琴合奏.xls,官方歷年指定曲目 XLS：口琴合奏,,official-xls,2026-07-03,團體/合奏/歷年指定曲,
hist-ens-088-049,激流,,88,口琴合奏,口琴合奏,國小,G. Beard,陳鴻儀,HAPA,,,,https://web.arte.gov.tw/music/upfile/history/團體/口琴合奏.xls,官方歷年指定曲目 XLS：口琴合奏,,official-xls,2026-07-03,團體/合奏/歷年指定曲,
hist-ens-088-050,維也納就是維也納(進行曲),進行曲,88,口琴合奏,口琴合奏,國中,J. Schramme,陳鴻儀,HAPA,,,,https://web.arte.gov.tw/music/upfile/history/團體/口琴合奏.xls,官方歷年指定曲目 XLS：口琴合奏,,official-xls,2026-07-03,團體/合奏/歷年指定曲,
hist-ens-088-051,小天鵝之舞,,88,口琴合奏,口琴合奏,國中,柴可夫斯基,盧鴻麟,HAPA,,,,https://web.arte.gov.tw/music/upfile/history/團體/口琴合奏.xls,官方歷年指定曲目 XLS：口琴合奏,,official-xls,2026-07-03,團體/合奏/歷年指定曲,
hist-ens-088-052,西班牙小夜曲,,88,口琴合奏,口琴合奏,高中職,Bizet,盧鴻麟,HAPA,,,,https://web.arte.gov.tw/music/upfile/history/團體/口琴合奏.xls,官方歷年指定曲目 XLS：口琴合奏,,official-xls,2026-07-03,團體/合奏/歷年指定曲,
hist-ens-088-053,黑娃娃步態舞,,88,口琴合奏,口琴合奏,高中職,德布西,陳鴻儀,HAPA,,,,https://web.arte.gov.tw/music/upfile/history/團體/口琴合奏.xls,官方歷年指定曲目 XLS：口琴合奏,,official-xls,2026-07-03,團體/合奏/歷年指定曲,
hist-ens-088-054,我的太陽,,88,口琴合奏,口琴合奏,大專,D. Capua,盧鴻麟,HAPA,,,,https://web.arte.gov.tw/music/upfile/history/團體/口琴合奏.xls,官方歷年指定曲目 XLS：口琴合奏,,official-xls,2026-07-03,團體/合奏/歷年指定曲,
hist-ens-088-055,賴德斯基進行曲,,88,口琴合奏,口琴合奏,大專,J. Strauss,曾國穩,HAPA,,,,https://web.arte.gov.tw/music/upfile/history/團體/口琴合奏.xls,官方歷年指定曲目 XLS：口琴合奏,,official-xls,2026-07-03,團體/合奏/歷年指定曲,
hist-ens-088-056,滿園春色,,88,口琴合奏,口琴合奏,社會,晏如,沈有樵,HAPA,,,,https://web.arte.gov.tw/music/upfile/history/團體/口琴合奏.xls,官方歷年指定曲目 XLS：口琴合奏,,official-xls,2026-07-03,團體/合奏/歷年指定曲,
hist-ens-088-057,再會吧！澎巴草原,,88,口琴合奏,口琴合奏,社會,探戈名曲,盧鴻麟,HAPA,,,,https://web.arte.gov.tw/music/upfile/history/團體/口琴合奏.xls,官方歷年指定曲目 XLS：口琴合奏,,official-xls,2026-07-03,團體/合奏/歷年指定曲,
hist-ens-089-058,小星星變奏曲,,89,口琴合奏,口琴合奏,國小,法國民謠,廖訓禎,HAPA,,,,https://web.arte.gov.tw/music/upfile/history/團體/口琴合奏.xls,官方歷年指定曲目 XLS：口琴合奏,,official-xls,2026-07-03,團體/合奏/歷年指定曲,
hist-ens-089-059,太湖船,,89,口琴合奏,口琴合奏,國小,中國民謠,陳鴻儀,HAPA,,,,https://web.arte.gov.tw/music/upfile/history/團體/口琴合奏.xls,官方歷年指定曲目 XLS：口琴合奏,,official-xls,2026-07-03,團體/合奏/歷年指定曲,
hist-ens-089-060,庫斯克郵車,,89,口琴合奏,口琴合奏,國中,H. Nick,楊樹林,HAPA,,,,https://web.arte.gov.tw/music/upfile/history/團體/口琴合奏.xls,官方歷年指定曲目 XLS：口琴合奏,,official-xls,2026-07-03,團體/合奏/歷年指定曲,
hist-ens-089-061,淚的觸技曲,,89,口琴合奏,口琴合奏,國中,Gaston Rolland,盧鴻麟,HAPA,,,,https://web.arte.gov.tw/music/upfile/history/團體/口琴合奏.xls,官方歷年指定曲目 XLS：口琴合奏,,official-xls,2026-07-03,團體/合奏/歷年指定曲,
hist-ens-089-062,賴烈基進行曲,,89,口琴合奏,口琴合奏,高中職,J. Strauss,盧鴻麟,HAPA,,,,https://web.arte.gov.tw/music/upfile/history/團體/口琴合奏.xls,官方歷年指定曲目 XLS：口琴合奏,,official-xls,2026-07-03,團體/合奏/歷年指定曲,
hist-ens-089-063,墨西哥帽子舞,,89,口琴合奏,口琴合奏,高中職,墨西哥民謠,陳鴻儀,HAPA,,,,https://web.arte.gov.tw/music/upfile/history/團體/口琴合奏.xls,官方歷年指定曲目 XLS：口琴合奏,,official-xls,2026-07-03,團體/合奏/歷年指定曲,
hist-ens-089-064,墨西哥風情,,89,口琴合奏,口琴合奏,大專,舞曲,盧鴻麟,HAPA,,,,https://web.arte.gov.tw/music/upfile/history/團體/口琴合奏.xls,官方歷年指定曲目 XLS：口琴合奏,,official-xls,2026-07-03,團體/合奏/歷年指定曲,
hist-ens-089-065,桂河大橋,,89,口琴合奏,口琴合奏,大專,K. J. Alford,陳鴻儀,HAPA,,,,https://web.arte.gov.tw/music/upfile/history/團體/口琴合奏.xls,官方歷年指定曲目 XLS：口琴合奏,,official-xls,2026-07-03,團體/合奏/歷年指定曲,
hist-ens-089-066,夕陽西沉,,89,口琴合奏,口琴合奏,社會,西洋名曲,沈友樵,HAPA,,,,https://web.arte.gov.tw/music/upfile/history/團體/口琴合奏.xls,官方歷年指定曲目 XLS：口琴合奏,,official-xls,2026-07-03,團體/合奏/歷年指定曲,
hist-ens-089-067,相思燈,,89,口琴合奏,口琴合奏,社會,南管名曲,廖訓禎,HAPA,,,,https://web.arte.gov.tw/music/upfile/history/團體/口琴合奏.xls,官方歷年指定曲目 XLS：口琴合奏,,official-xls,2026-07-03,團體/合奏/歷年指定曲,
hist-ens-091-068,郵遞馬車,,91,口琴合奏,口琴合奏,國小,H. Nick,楊樹林,中華民國口琴藝術促進協會,,,,https://web.arte.gov.tw/music/upfile/history/團體/口琴合奏.xls,官方歷年指定曲目 XLS：口琴合奏,,official-xls,2026-07-03,團體/合奏/歷年指定曲,
hist-ens-091-069,相思燈,,91,口琴合奏,口琴合奏,國小,南管名曲,廖訓禎,中華民國口琴藝術促進協會,,,,https://web.arte.gov.tw/music/upfile/history/團體/口琴合奏.xls,官方歷年指定曲目 XLS：口琴合奏,,official-xls,2026-07-03,團體/合奏/歷年指定曲,
hist-ens-091-070,小天鵝之舞,,91,口琴合奏,口琴合奏,國中,柴可夫斯基,盧鴻麟,中華民國口琴藝術促進協會,,,,https://web.arte.gov.tw/music/upfile/history/團體/口琴合奏.xls,官方歷年指定曲目 XLS：口琴合奏,,official-xls,2026-07-03,團體/合奏/歷年指定曲,
hist-ens-091-071,愛的真諦,,91,口琴合奏,口琴合奏,國中,簡銘耀,曾國穩,中華民國口琴藝術促進協會,,,,https://web.arte.gov.tw/music/upfile/history/團體/口琴合奏.xls,官方歷年指定曲目 XLS：口琴合奏,,official-xls,2026-07-03,團體/合奏/歷年指定曲,
hist-ens-091-072,化妝舞曲,,91,口琴合奏,口琴合奏,高中職,南美民謠,曾國穩,中華民國口琴藝術促進協會,,,,https://web.arte.gov.tw/music/upfile/history/團體/口琴合奏.xls,官方歷年指定曲目 XLS：口琴合奏,,official-xls,2026-07-03,團體/合奏/歷年指定曲,
hist-ens-091-073,美國巡邏兵,,91,口琴合奏,口琴合奏,高中職,Meacham,盧鴻麟,中華民國口琴藝術促進協會,,,,https://web.arte.gov.tw/music/upfile/history/團體/口琴合奏.xls,官方歷年指定曲目 XLS：口琴合奏,,official-xls,2026-07-03,團體/合奏/歷年指定曲,
hist-ens-091-074,我的太陽,,91,口琴合奏,口琴合奏,大專,D. Capua,盧鴻麟,中華民國口琴藝術促進協會,,,,https://web.arte.gov.tw/music/upfile/history/團體/口琴合奏.xls,官方歷年指定曲目 XLS：口琴合奏,,official-xls,2026-07-03,團體/合奏/歷年指定曲,
hist-ens-091-075,挪威舞曲,,91,口琴合奏,口琴合奏,大專,E.H.Grieg,陳鴻儀,中華民國口琴藝術促進協會,,,,https://web.arte.gov.tw/music/upfile/history/團體/口琴合奏.xls,官方歷年指定曲目 XLS：口琴合奏,,official-xls,2026-07-03,團體/合奏/歷年指定曲,
hist-ens-092-076,在銀色月光下,,92,口琴合奏,口琴合奏,國小,新疆民謠,劉志明,高雄市口琴協會,,,,https://web.arte.gov.tw/music/upfile/history/團體/口琴合奏.xls,官方歷年指定曲目 XLS：口琴合奏,,official-xls,2026-07-03,團體/合奏/歷年指定曲,
hist-ens-092-077,溪流,,92,口琴合奏,口琴合奏,國小,G.Berd,陳鴻儀,中華民國口琴藝術促進協會,,,,https://web.arte.gov.tw/music/upfile/history/團體/口琴合奏.xls,官方歷年指定曲目 XLS：口琴合奏,,official-xls,2026-07-03,團體/合奏/歷年指定曲,
hist-ens-092-078,舊金山中國街,,92,口琴合奏,口琴合奏,國中,佚名,劉金山,高雄市口琴協會,,,,https://web.arte.gov.tw/music/upfile/history/團體/口琴合奏.xls,官方歷年指定曲目 XLS：口琴合奏,,official-xls,2026-07-03,團體/合奏/歷年指定曲,
hist-ens-092-079,孤挺花,,92,口琴合奏,口琴合奏,國中,H.Ghys,陳鴻儀,中華民國口琴藝術促進協會,,,,https://web.arte.gov.tw/music/upfile/history/團體/口琴合奏.xls,官方歷年指定曲目 XLS：口琴合奏,,official-xls,2026-07-03,團體/合奏/歷年指定曲,
hist-ens-092-080,快樂流浪者,,92,口琴合奏,口琴合奏,高中,Moller,曾國穩,口琴家雜誌社,,,,https://web.arte.gov.tw/music/upfile/history/團體/口琴合奏.xls,官方歷年指定曲目 XLS：口琴合奏,,official-xls,2026-07-03,團體/合奏/歷年指定曲,
hist-ens-092-081,舊友進行曲,,92,口琴合奏,口琴合奏,高中,Karl Teike,廖訓禎,中華民國口琴藝術促進協會,,,,https://web.arte.gov.tw/music/upfile/history/團體/口琴合奏.xls,官方歷年指定曲目 XLS：口琴合奏,,official-xls,2026-07-03,團體/合奏/歷年指定曲,
hist-ens-092-082,採珠人之戀,,92,口琴合奏,口琴合奏,大專,Bizet,盧鴻麟,中華民國口琴藝術促進協會,,,,https://web.arte.gov.tw/music/upfile/history/團體/口琴合奏.xls,官方歷年指定曲目 XLS：口琴合奏,,official-xls,2026-07-03,團體/合奏/歷年指定曲,
hist-ens-092-083,西班牙鬥牛舞曲,,92,口琴合奏,口琴合奏,大專,西班牙舞曲,曾國穩,中華民國口琴藝術促進協會,,,,https://web.arte.gov.tw/music/upfile/history/團體/口琴合奏.xls,官方歷年指定曲目 XLS：口琴合奏,,official-xls,2026-07-03,團體/合奏/歷年指定曲,
hist-ens-093-084,丟丟銅,,93,口琴合奏,口琴合奏,國小,台灣民謠,廖訓禎,中華民國口琴藝術促進協會02-25094791,,,,https://web.arte.gov.tw/music/upfile/history/團體/口琴合奏.xls,官方歷年指定曲目 XLS：口琴合奏,,official-xls,2026-07-03,團體/合奏/歷年指定曲,
hist-ens-093-085,雨的旋律,,93,口琴合奏,口琴合奏,國小,西洋歌曲,蕭莉君,中華民國口琴藝術促進協會,,,,https://web.arte.gov.tw/music/upfile/history/團體/口琴合奏.xls,官方歷年指定曲目 XLS：口琴合奏,,official-xls,2026-07-03,團體/合奏/歷年指定曲,
hist-ens-093-086,維也納進行曲,,93,口琴合奏,口琴合奏,國中,徹爾尼,陳鴻儀,中華民國口琴藝術促進協會,,,,https://web.arte.gov.tw/music/upfile/history/團體/口琴合奏.xls,官方歷年指定曲目 XLS：口琴合奏,,official-xls,2026-07-03,團體/合奏/歷年指定曲,
hist-ens-093-087,夕陽西沉,,93,口琴合奏,口琴合奏,國中,西洋名曲,沈友樵,中華民國口琴藝術促進協會,,,,https://web.arte.gov.tw/music/upfile/history/團體/口琴合奏.xls,官方歷年指定曲目 XLS：口琴合奏,,official-xls,2026-07-03,團體/合奏/歷年指定曲,
hist-ens-093-088,Romanain Folk Dances,,93,口琴合奏,口琴合奏,高中職,Bela Bartok,鍾育喬,中華民國口琴藝術促進協會,,,,https://web.arte.gov.tw/music/upfile/history/團體/口琴合奏.xls,官方歷年指定曲目 XLS：口琴合奏,,official-xls,2026-07-03,團體/合奏/歷年指定曲,
hist-ens-093-089,墨西哥風情,,93,口琴合奏,口琴合奏,高中職,舞曲,盧鴻麟,中華民國口琴藝術促進協會,,,,https://web.arte.gov.tw/music/upfile/history/團體/口琴合奏.xls,官方歷年指定曲目 XLS：口琴合奏,,official-xls,2026-07-03,團體/合奏/歷年指定曲,
hist-ens-093-090,永恆的維也納,,93,口琴合奏,口琴合奏,大專,J.Schramme,陳鴻儀,中華民國口琴藝術促進協會,,,,https://web.arte.gov.tw/music/upfile/history/團體/口琴合奏.xls,官方歷年指定曲目 XLS：口琴合奏,,official-xls,2026-07-03,團體/合奏/歷年指定曲,
hist-ens-093-091,再會吧!澎巴草原,,93,口琴合奏,口琴合奏,大專,探戈名曲,盧鴻麟,中華民國口琴藝術促進協會,,,,https://web.arte.gov.tw/music/upfile/history/團體/口琴合奏.xls,官方歷年指定曲目 XLS：口琴合奏,,official-xls,2026-07-03,團體/合奏/歷年指定曲,
hist-ens-094-092,天黑黑,,94,口琴合奏,口琴合奏,國小,台灣民謠,廖訓禎,HAPA,,,,https://web.arte.gov.tw/music/upfile/history/團體/口琴合奏.xls,官方歷年指定曲目 XLS：口琴合奏,,official-xls,2026-07-03,團體/合奏/歷年指定曲,
hist-ens-094-093,別在星期天,,94,口琴合奏,口琴合奏,國小,Billy Towne,陳鴻儀,HAPA,,,,https://web.arte.gov.tw/music/upfile/history/團體/口琴合奏.xls,官方歷年指定曲目 XLS：口琴合奏,,official-xls,2026-07-03,團體/合奏/歷年指定曲,
hist-ens-094-094,拿波里之歌(選自「天鵝湖」),選自「天鵝湖」,94,口琴合奏,口琴合奏,國中,柴可夫斯基,蕭莉君,HAPA,,,,https://web.arte.gov.tw/music/upfile/history/團體/口琴合奏.xls,官方歷年指定曲目 XLS：口琴合奏,,official-xls,2026-07-03,團體/合奏/歷年指定曲,
hist-ens-094-095,茉莉花,,94,口琴合奏,口琴合奏,國中,中國民謠,廖訓禎,HAPA,,,,https://web.arte.gov.tw/music/upfile/history/團體/口琴合奏.xls,官方歷年指定曲目 XLS：口琴合奏,,official-xls,2026-07-03,團體/合奏/歷年指定曲,
hist-ens-094-096,OLE GUAPA TANGO,,94,口琴合奏,口琴合奏,高中職,探戈名曲,蕭莉君,HAPA,,,,https://web.arte.gov.tw/music/upfile/history/團體/口琴合奏.xls,官方歷年指定曲目 XLS：口琴合奏,,official-xls,2026-07-03,團體/合奏/歷年指定曲,
hist-ens-094-097,隔壁的精靈(選自「龍貓」),選自「龍貓」,94,口琴合奏,口琴合奏,高中職,久石讓,SIBM盧,HAPA,,,,https://web.arte.gov.tw/music/upfile/history/團體/口琴合奏.xls,官方歷年指定曲目 XLS：口琴合奏,,official-xls,2026-07-03,團體/合奏/歷年指定曲,
hist-ens-094-098,夜曲(Nocturne),Nocturne,94,口琴合奏,口琴合奏,大專,Paul Mauriat,SIBM盧,HAPA,,,,https://web.arte.gov.tw/music/upfile/history/團體/口琴合奏.xls,官方歷年指定曲目 XLS：口琴合奏,,official-xls,2026-07-03,團體/合奏/歷年指定曲,
hist-ens-094-099,載著你(選自「天空之城」),選自「天空之城」,94,口琴合奏,口琴合奏,大專,久石讓,陳鴻儀,HAPA,,,,https://web.arte.gov.tw/music/upfile/history/團體/口琴合奏.xls,官方歷年指定曲目 XLS：口琴合奏,,official-xls,2026-07-03,團體/合奏/歷年指定曲,
hist-ens-095-100,在那銀色月光下,,95,口琴合奏,口琴合奏,國小,新疆民謠,劉志明,高雄市兒童口琴樂團,,,,https://web.arte.gov.tw/music/upfile/history/團體/口琴合奏.xls,官方歷年指定曲目 XLS：口琴合奏,,official-xls,2026-07-03,團體/合奏/歷年指定曲,
hist-ens-095-101,翠堤春曉,,95,口琴合奏,口琴合奏,國小,Strauss,劉金山,高雄市兒童口琴樂團,,,,https://web.arte.gov.tw/music/upfile/history/團體/口琴合奏.xls,官方歷年指定曲目 XLS：口琴合奏,,official-xls,2026-07-03,團體/合奏/歷年指定曲,
hist-ens-095-102,西北雨直直落,,95,口琴合奏,口琴合奏,國中,台灣民謠,廖訓禎,HAPA,,,,https://web.arte.gov.tw/music/upfile/history/團體/口琴合奏.xls,官方歷年指定曲目 XLS：口琴合奏,,official-xls,2026-07-03,團體/合奏/歷年指定曲,
hist-ens-095-103,庫卡拉恰,,95,口琴合奏,口琴合奏,國中,墨西哥民謠,陳鴻儀,HAPA,,,,https://web.arte.gov.tw/music/upfile/history/團體/口琴合奏.xls,官方歷年指定曲目 XLS：口琴合奏,,official-xls,2026-07-03,團體/合奏/歷年指定曲,
hist-ens-095-104,哈巴娜奇諾,,95,口琴合奏,口琴合奏,高中職,以色列民謠,盧鴻麟、曾國穩,口琴家雜誌社,,,,https://web.arte.gov.tw/music/upfile/history/團體/口琴合奏.xls,官方歷年指定曲目 XLS：口琴合奏,,official-xls,2026-07-03,團體/合奏/歷年指定曲,
hist-ens-095-105,化妝舞曲,,95,口琴合奏,口琴合奏,高中職,南美民謠,曾國穩,口琴家雜誌社,,,,https://web.arte.gov.tw/music/upfile/history/團體/口琴合奏.xls,官方歷年指定曲目 XLS：口琴合奏,,official-xls,2026-07-03,團體/合奏/歷年指定曲,
hist-ens-095-106,費南度別莊,,95,口琴合奏,口琴合奏,大專,探戈名曲,陳鴻儀,HAPA,,,,https://web.arte.gov.tw/music/upfile/history/團體/口琴合奏.xls,官方歷年指定曲目 XLS：口琴合奏,,official-xls,2026-07-03,團體/合奏/歷年指定曲,
hist-ens-095-107,愛琴海珍珠,,95,口琴合奏,口琴合奏,大專,,盧鴻麟,HAPA,,,,https://web.arte.gov.tw/music/upfile/history/團體/口琴合奏.xls,官方歷年指定曲目 XLS：口琴合奏,,official-xls,2026-07-03,團體/合奏/歷年指定曲,
hist-ens-096-108,1.神隱少女,,96,口琴合奏,口琴合奏,國小組,木村弓,SIBM盧,台灣口琴藝術促進會,,,,https://web.arte.gov.tw/music/upfile/history/團體/口琴合奏.xls,官方歷年指定曲目 XLS：口琴合奏,,official-xls,2026-07-03,團體/合奏/歷年指定曲,XLS備註：照譜反覆
hist-ens-096-109,2.玩具兵進行曲,,96,口琴合奏,口琴合奏,國小組,赫伯特,Jason,黃石樂器,,,,https://web.arte.gov.tw/music/upfile/history/團體/口琴合奏.xls,官方歷年指定曲目 XLS：口琴合奏,,official-xls,2026-07-03,團體/合奏/歷年指定曲,
hist-ens-096-110,3.白髮吟,,96,口琴合奏,口琴合奏,國小組,H. P. Danks,吳常熙,台灣口琴藝術促進會,,,,https://web.arte.gov.tw/music/upfile/history/團體/口琴合奏.xls,官方歷年指定曲目 XLS：口琴合奏,,official-xls,2026-07-03,團體/合奏/歷年指定曲,XLS備註：照譜反覆
hist-ens-096-111,1.森林中的水車,,96,口琴合奏,口琴合奏,國中組,艾倫貝格,盧怡臻,黃石樂器,,,,https://web.arte.gov.tw/music/upfile/history/團體/口琴合奏.xls,官方歷年指定曲目 XLS：口琴合奏,,official-xls,2026-07-03,團體/合奏/歷年指定曲,
hist-ens-096-112,2.卡其多（Cachito）,Cachito,96,口琴合奏,口琴合奏,國中組,Velazguez,陳鴻儀,台灣口琴藝術促進會,,,,https://web.arte.gov.tw/music/upfile/history/團體/口琴合奏.xls,官方歷年指定曲目 XLS：口琴合奏,,official-xls,2026-07-03,團體/合奏/歷年指定曲,XLS備註：照譜反覆
hist-ens-096-113,3.天公落水,,96,口琴合奏,口琴合奏,國中組,客家歌謠,盧鴻麟,台灣口琴藝術促進會,,,,https://web.arte.gov.tw/music/upfile/history/團體/口琴合奏.xls,官方歷年指定曲目 XLS：口琴合奏,,official-xls,2026-07-03,團體/合奏/歷年指定曲,XLS備註：照譜反覆
hist-ens-096-114,1.風之丘,,96,口琴合奏,口琴合奏,高中職組,久石讓,盧鴻麟,台灣口琴藝術促進會,,,,https://web.arte.gov.tw/music/upfile/history/團體/口琴合奏.xls,官方歷年指定曲目 XLS：口琴合奏,,official-xls,2026-07-03,團體/合奏/歷年指定曲,XLS備註：照譜反覆
hist-ens-096-115,2.你的想法,,96,口琴合奏,口琴合奏,高中職組,久石讓,Judy,黃石樂器,,,,https://web.arte.gov.tw/music/upfile/history/團體/口琴合奏.xls,官方歷年指定曲目 XLS：口琴合奏,,official-xls,2026-07-03,團體/合奏/歷年指定曲,
hist-ens-096-116,3.小天鵝之舞,,96,口琴合奏,口琴合奏,高中職組,柴可夫斯基,Judy,黃石樂器,,,,https://web.arte.gov.tw/music/upfile/history/團體/口琴合奏.xls,官方歷年指定曲目 XLS：口琴合奏,,official-xls,2026-07-03,團體/合奏/歷年指定曲,
hist-ens-096-117,1.吉哥舞曲,,96,口琴合奏,口琴合奏,大專組,霍爾斯特,Judy,黃石樂器,,,,https://web.arte.gov.tw/music/upfile/history/團體/口琴合奏.xls,官方歷年指定曲目 XLS：口琴合奏,,official-xls,2026-07-03,團體/合奏/歷年指定曲,
hist-ens-096-118,2.夢的探戈,,96,口琴合奏,口琴合奏,大專組,E.V.Malderen,陳鴻儀,台灣口琴藝術促進會,,,,https://web.arte.gov.tw/music/upfile/history/團體/口琴合奏.xls,官方歷年指定曲目 XLS：口琴合奏,,official-xls,2026-07-03,團體/合奏/歷年指定曲,XLS備註：照譜反覆
hist-ens-096-119,3.鳳陽花鼓,,96,口琴合奏,口琴合奏,大專組,中國安徽民謠,廖訓禎,台灣口琴藝術促進會,,,,https://web.arte.gov.tw/music/upfile/history/團體/口琴合奏.xls,官方歷年指定曲目 XLS：口琴合奏,,official-xls,2026-07-03,團體/合奏/歷年指定曲,XLS備註：從第20小節開始演奏
hist-ens-097-120,激流,,97,口琴合奏,口琴合奏,國小組,G. Beard,陳鴻儀,台灣口琴藝術促進會,,,,https://web.arte.gov.tw/music/upfile/history/團體/口琴合奏.xls,官方歷年指定曲目 XLS：口琴合奏,,official-xls,2026-07-03,團體/合奏/歷年指定曲,
hist-ens-097-121,小星星變奏曲,,97,口琴合奏,口琴合奏,國小組,法國民謠,廖訓禎,台灣口琴藝術促進會,,,,https://web.arte.gov.tw/music/upfile/history/團體/口琴合奏.xls,官方歷年指定曲目 XLS：口琴合奏,,official-xls,2026-07-03,團體/合奏/歷年指定曲,
hist-ens-097-122,雨的旋律,,97,口琴合奏,口琴合奏,國小組,西洋歌曲,蕭莉君,台灣口琴藝術促進會,,,,https://web.arte.gov.tw/music/upfile/history/團體/口琴合奏.xls,官方歷年指定曲目 XLS：口琴合奏,,official-xls,2026-07-03,團體/合奏/歷年指定曲,
hist-ens-097-123,淚的觸技曲,,97,口琴合奏,口琴合奏,國中組,Gaston Rolland,盧鴻麟,台灣口琴藝術促進會,,,,https://web.arte.gov.tw/music/upfile/history/團體/口琴合奏.xls,官方歷年指定曲目 XLS：口琴合奏,,official-xls,2026-07-03,團體/合奏/歷年指定曲,
hist-ens-097-124,夕陽西沉,,97,口琴合奏,口琴合奏,國中組,彈厚,沈友樵,台灣口琴藝術促進會,,,,https://web.arte.gov.tw/music/upfile/history/團體/口琴合奏.xls,官方歷年指定曲目 XLS：口琴合奏,,official-xls,2026-07-03,團體/合奏/歷年指定曲,
hist-ens-097-125,維也納進行曲,,97,口琴合奏,口琴合奏,國中組,C. CZERNY,陳鴻儀,台灣口琴藝術促進會,,,,https://web.arte.gov.tw/music/upfile/history/團體/口琴合奏.xls,官方歷年指定曲目 XLS：口琴合奏,,official-xls,2026-07-03,團體/合奏/歷年指定曲,
hist-ens-097-126,Romanian Folk Dances,,97,口琴合奏,口琴合奏,高中職組,Bela Bartok,鍾育喬,台灣口琴藝術促進會,,,,https://web.arte.gov.tw/music/upfile/history/團體/口琴合奏.xls,官方歷年指定曲目 XLS：口琴合奏,,official-xls,2026-07-03,團體/合奏/歷年指定曲,
hist-ens-097-127,墨西哥風情,,97,口琴合奏,口琴合奏,高中職組,墨西哥民謠,盧鴻麟,台灣口琴藝術促進會,,,,https://web.arte.gov.tw/music/upfile/history/團體/口琴合奏.xls,官方歷年指定曲目 XLS：口琴合奏,,official-xls,2026-07-03,團體/合奏/歷年指定曲,
hist-ens-097-128,郵遞馬車,,97,口琴合奏,口琴合奏,高中職組,H. NECKE,楊樹林,台灣口琴藝術促進會,,,,https://web.arte.gov.tw/music/upfile/history/團體/口琴合奏.xls,官方歷年指定曲目 XLS：口琴合奏,,official-xls,2026-07-03,團體/合奏/歷年指定曲,
hist-ens-097-129,四季-春天,,97,口琴合奏,口琴合奏,大專組,ANTONIO VIVALDI,廖訓禎,台灣口琴藝術促進會,,,,https://web.arte.gov.tw/music/upfile/history/團體/口琴合奏.xls,官方歷年指定曲目 XLS：口琴合奏,,official-xls,2026-07-03,團體/合奏/歷年指定曲,
hist-ens-097-130,賴德斯基進行曲,,97,口琴合奏,口琴合奏,大專組,約翰.史特勞斯,曾國穩,台灣口琴藝術促進會,,,,https://web.arte.gov.tw/music/upfile/history/團體/口琴合奏.xls,官方歷年指定曲目 XLS：口琴合奏,,official-xls,2026-07-03,團體/合奏/歷年指定曲,
hist-ens-097-131,挪威舞曲,,97,口琴合奏,口琴合奏,大專組,E.H.GRIEG,陳鴻儀,台灣口琴藝術促進會,,,,https://web.arte.gov.tw/music/upfile/history/團體/口琴合奏.xls,官方歷年指定曲目 XLS：口琴合奏,,official-xls,2026-07-03,團體/合奏/歷年指定曲,
hist-ens-098-132,剪羊毛,,98,口琴合奏,口琴合奏,國小組,澳大利亞,蘇當堯,作者授權大會使用,,,,https://web.arte.gov.tw/music/upfile/history/團體/口琴合奏.xls,官方歷年指定曲目 XLS：口琴合奏,,official-xls,2026-07-03,團體/合奏/歷年指定曲,
hist-ens-098-133,平安夜,,98,口琴合奏,口琴合奏,國小組,Franz Gruber,蕭莉君,台灣口琴藝術促進會,,,,https://web.arte.gov.tw/music/upfile/history/團體/口琴合奏.xls,官方歷年指定曲目 XLS：口琴合奏,,official-xls,2026-07-03,團體/合奏/歷年指定曲,
hist-ens-098-134,小茉莉,,98,口琴合奏,口琴合奏,國小組,邱晨,盧鴻麟,台灣口琴藝術促進會,,,,https://web.arte.gov.tw/music/upfile/history/團體/口琴合奏.xls,官方歷年指定曲目 XLS：口琴合奏,,official-xls,2026-07-03,團體/合奏/歷年指定曲,
hist-ens-098-135,Rigolletto麗谷列都,,98,口琴合奏,口琴合奏,國中組,Verdi,劉金山,高雄市兒童口琴樂團,,,,https://web.arte.gov.tw/music/upfile/history/團體/口琴合奏.xls,官方歷年指定曲目 XLS：口琴合奏,,official-xls,2026-07-03,團體/合奏/歷年指定曲,
hist-ens-098-136,太湖船,,98,口琴合奏,口琴合奏,國中組,中國民謠,陳鴻儀,台灣口琴藝術促進會,,,,https://web.arte.gov.tw/music/upfile/history/團體/口琴合奏.xls,官方歷年指定曲目 XLS：口琴合奏,,official-xls,2026-07-03,團體/合奏/歷年指定曲,
hist-ens-098-137,My Way,,98,口琴合奏,口琴合奏,國中組,P. Anka / J.Revaux / C. Francois,吳常熙,台中市中華口琴會,,,,https://web.arte.gov.tw/music/upfile/history/團體/口琴合奏.xls,官方歷年指定曲目 XLS：口琴合奏,,official-xls,2026-07-03,團體/合奏/歷年指定曲,
hist-ens-098-138,西班牙小夜曲,,98,口琴合奏,口琴合奏,高中職組,G. Bizet,吳常熙,台中市中華口琴會,,,,https://web.arte.gov.tw/music/upfile/history/團體/口琴合奏.xls,官方歷年指定曲目 XLS：口琴合奏,,official-xls,2026-07-03,團體/合奏/歷年指定曲,
hist-ens-098-139,OLE GUAPA TANGO,,98,口琴合奏,口琴合奏,高中職組,W. Muller,蕭莉君,台灣口琴藝術促進會,,,,https://web.arte.gov.tw/music/upfile/history/團體/口琴合奏.xls,官方歷年指定曲目 XLS：口琴合奏,,official-xls,2026-07-03,團體/合奏/歷年指定曲,
hist-ens-098-140,隔壁的精靈(選自「龍貓」),選自「龍貓」,98,口琴合奏,口琴合奏,高中職組,久石讓,盧鴻麟,台灣口琴藝術促進會,,,,https://web.arte.gov.tw/music/upfile/history/團體/口琴合奏.xls,官方歷年指定曲目 XLS：口琴合奏,,official-xls,2026-07-03,團體/合奏/歷年指定曲,
hist-ens-098-141,碧藍天,,98,口琴合奏,口琴合奏,大專組,探戈名曲,陳鴻儀,台灣口琴藝術促進會,,,,https://web.arte.gov.tw/music/upfile/history/團體/口琴合奏.xls,官方歷年指定曲目 XLS：口琴合奏,,official-xls,2026-07-03,團體/合奏/歷年指定曲,
hist-ens-098-142,雷神進行曲,,98,口琴合奏,口琴合奏,大專組,J. P. Sousa,吳常熙,台中市中華口琴會,,,,https://web.arte.gov.tw/music/upfile/history/團體/口琴合奏.xls,官方歷年指定曲目 XLS：口琴合奏,,official-xls,2026-07-03,團體/合奏/歷年指定曲,
hist-ens-098-143,小小世界,,98,口琴合奏,口琴合奏,大專組,,廖訓禎,台灣口琴藝術促進會,,,,https://web.arte.gov.tw/music/upfile/history/團體/口琴合奏.xls,官方歷年指定曲目 XLS：口琴合奏,,official-xls,2026-07-03,團體/合奏/歷年指定曲,
hist-ens-099-144,露莎蘭,,99,口琴合奏,口琴合奏,國小組,蘇格蘭民謠,盧鴻麟,台灣口琴藝術促進會,,,,https://web.arte.gov.tw/music/upfile/history/團體/口琴合奏.xls,官方歷年指定曲目 XLS：口琴合奏,,official-xls,2026-07-03,團體/合奏/歷年指定曲,
hist-ens-099-145,丟丟銅,,99,口琴合奏,口琴合奏,國小組,台灣民謠,廖訓禎,台灣口琴藝術促進會,,,,https://web.arte.gov.tw/music/upfile/history/團體/口琴合奏.xls,官方歷年指定曲目 XLS：口琴合奏,,official-xls,2026-07-03,團體/合奏/歷年指定曲,
hist-ens-099-146,翠堤春曉,,99,口琴合奏,口琴合奏,國小組,Strauss,劉金山,高雄市兒童口琴樂團,,,,https://web.arte.gov.tw/music/upfile/history/團體/口琴合奏.xls,官方歷年指定曲目 XLS：口琴合奏,,official-xls,2026-07-03,團體/合奏/歷年指定曲,
hist-ens-099-147,白牡丹,,99,口琴合奏,口琴合奏,國中組,台灣民謠,盧鴻麟,台灣口琴藝術促進會,,,,https://web.arte.gov.tw/music/upfile/history/團體/口琴合奏.xls,官方歷年指定曲目 XLS：口琴合奏,,official-xls,2026-07-03,團體/合奏/歷年指定曲,
hist-ens-099-148,總是一日又一日,,99,口琴合奏,口琴合奏,國中組,木村弓,盧鴻麟,台灣口琴藝術促進會,,,,https://web.arte.gov.tw/music/upfile/history/團體/口琴合奏.xls,官方歷年指定曲目 XLS：口琴合奏,,official-xls,2026-07-03,團體/合奏/歷年指定曲,
hist-ens-099-149,媽媽好,,99,口琴合奏,口琴合奏,國中組,蘇桐,廖訓禎,台灣口琴藝術促進會,,,,https://web.arte.gov.tw/music/upfile/history/團體/口琴合奏.xls,官方歷年指定曲目 XLS：口琴合奏,,official-xls,2026-07-03,團體/合奏/歷年指定曲,
hist-ens-099-150,你的想法,,99,口琴合奏,口琴合奏,高中職組,久石讓,盧怡臻,茱蒂口琴樂團,,,,https://web.arte.gov.tw/music/upfile/history/團體/口琴合奏.xls,官方歷年指定曲目 XLS：口琴合奏,,official-xls,2026-07-03,團體/合奏/歷年指定曲,
hist-ens-099-151,Why,,99,口琴合奏,口琴合奏,高中職組,西洋老歌,劉志明,高雄市兒童口琴樂團,,,,https://web.arte.gov.tw/music/upfile/history/團體/口琴合奏.xls,官方歷年指定曲目 XLS：口琴合奏,,official-xls,2026-07-03,團體/合奏/歷年指定曲,
hist-ens-099-152,西班牙鬥牛舞曲,,99,口琴合奏,口琴合奏,高中職組,西班牙民謠,曾國穩,台灣口琴藝術促進會,,,,https://web.arte.gov.tw/music/upfile/history/團體/口琴合奏.xls,官方歷年指定曲目 XLS：口琴合奏,,official-xls,2026-07-03,團體/合奏/歷年指定曲,
hist-ens-099-153,永恆的維也納,,99,口琴合奏,口琴合奏,大專組,J. Schramme,陳鴻儀,台灣口琴藝術促進會,,,,https://web.arte.gov.tw/music/upfile/history/團體/口琴合奏.xls,官方歷年指定曲目 XLS：口琴合奏,,official-xls,2026-07-03,團體/合奏/歷年指定曲,
hist-ens-099-154,採珠人之戀,,99,口琴合奏,口琴合奏,大專組,Bizet,盧鴻麟,台灣口琴藝術促進會,,,,https://web.arte.gov.tw/music/upfile/history/團體/口琴合奏.xls,官方歷年指定曲目 XLS：口琴合奏,,official-xls,2026-07-03,團體/合奏/歷年指定曲,
hist-ens-099-155,安妮特拉舞曲,,99,口琴合奏,口琴合奏,大專組,Grieg,盧鴻麟,台灣口琴藝術促進會,,,,https://web.arte.gov.tw/music/upfile/history/團體/口琴合奏.xls,官方歷年指定曲目 XLS：口琴合奏,,official-xls,2026-07-03,團體/合奏/歷年指定曲,
hist-ens-100-156,兩隻老虎,,100,口琴合奏,口琴合奏,國小組,法國民歌,陳鴻儀,台灣口琴藝術促進會,,,,https://web.arte.gov.tw/music/upfile/history/團體/口琴合奏.xls,官方歷年指定曲目 XLS：口琴合奏,,official-xls,2026-07-03,團體/合奏/歷年指定曲,
hist-ens-100-157,外婆的澎湖灣,,100,口琴合奏,口琴合奏,國小組,葉佳修,蕭莉君,台灣口琴藝術促進會,,,,https://web.arte.gov.tw/music/upfile/history/團體/口琴合奏.xls,官方歷年指定曲目 XLS：口琴合奏,,official-xls,2026-07-03,團體/合奏/歷年指定曲,
hist-ens-100-158,快樂的出航,,100,口琴合奏,口琴合奏,國小組,東洋名曲,廖訓禎,台灣口琴藝術促進會,,,,https://web.arte.gov.tw/music/upfile/history/團體/口琴合奏.xls,官方歷年指定曲目 XLS：口琴合奏,,official-xls,2026-07-03,團體/合奏/歷年指定曲,
hist-ens-100-159,浮雲遊子,,100,口琴合奏,口琴合奏,國中組,蘇來,盧鴻麟,台灣口琴藝術促進會,,,,https://web.arte.gov.tw/music/upfile/history/團體/口琴合奏.xls,官方歷年指定曲目 XLS：口琴合奏,,official-xls,2026-07-03,團體/合奏/歷年指定曲,
hist-ens-100-160,森林之熊,,100,口琴合奏,口琴合奏,國中組,美國民謠,盧鴻麟,台灣口琴藝術促進會,,,,https://web.arte.gov.tw/music/upfile/history/團體/口琴合奏.xls,官方歷年指定曲目 XLS：口琴合奏,,official-xls,2026-07-03,團體/合奏/歷年指定曲,
hist-ens-100-161,珍重再見(Aloha Oel),Aloha Oel,100,口琴合奏,口琴合奏,國中組,夏威夷民謠,陳鴻儀,台灣口琴藝術促進會,,,,https://web.arte.gov.tw/music/upfile/history/團體/口琴合奏.xls,官方歷年指定曲目 XLS：口琴合奏,,official-xls,2026-07-03,團體/合奏/歷年指定曲,
hist-ens-100-162,黑娃娃的步態舞,,100,口琴合奏,口琴合奏,高中職組,德布西,陳鴻儀,台灣口琴藝術促進會,,,,https://web.arte.gov.tw/music/upfile/history/團體/口琴合奏.xls,官方歷年指定曲目 XLS：口琴合奏,,official-xls,2026-07-03,團體/合奏/歷年指定曲,
hist-ens-100-163,美國巡邏兵,,100,口琴合奏,口琴合奏,高中職組,Meacham,盧鴻麟,台灣口琴藝術促進會,,,,https://web.arte.gov.tw/music/upfile/history/團體/口琴合奏.xls,官方歷年指定曲目 XLS：口琴合奏,,official-xls,2026-07-03,團體/合奏/歷年指定曲,
hist-ens-100-164,天黑黑會下雨,,100,口琴合奏,口琴合奏,高中職組,台灣民謠,廖訓禎,台灣口琴藝術促進會,,,,https://web.arte.gov.tw/music/upfile/history/團體/口琴合奏.xls,官方歷年指定曲目 XLS：口琴合奏,,official-xls,2026-07-03,團體/合奏/歷年指定曲,
hist-ens-100-165,小天鵝之舞,,100,口琴合奏,口琴合奏,大專組,Tschaikovsky,盧鴻麟,台灣口琴藝術促進會,,,,https://web.arte.gov.tw/music/upfile/history/團體/口琴合奏.xls,官方歷年指定曲目 XLS：口琴合奏,,official-xls,2026-07-03,團體/合奏/歷年指定曲,
hist-ens-100-166,西班牙鬥牛舞曲,,100,口琴合奏,口琴合奏,大專組,P. Maranina,陳晟禕,狂響口琴樂團http://blog.xuite.net/rhapsody/blog,,,,https://web.arte.gov.tw/music/upfile/history/團體/口琴合奏.xls,官方歷年指定曲目 XLS：口琴合奏,,official-xls,2026-07-03,團體/合奏/歷年指定曲,
hist-ens-100-167,西班牙姑娘,,100,口琴合奏,口琴合奏,大專組,齊亞拉(V.Di hiera)曲,蕭莉君,台灣口琴藝術促進會,,,,https://web.arte.gov.tw/music/upfile/history/團體/口琴合奏.xls,官方歷年指定曲目 XLS：口琴合奏,,official-xls,2026-07-03,團體/合奏/歷年指定曲,
hist-ens-101-168,小星星變奏曲,,101,口琴合奏,口琴合奏,國小團體組,法國民謠,廖訓禎,,,,,https://web.arte.gov.tw/music/upfile/history/團體/口琴合奏.xls,官方歷年指定曲目 XLS：口琴合奏,,official-xls,2026-07-03,團體/合奏/歷年指定曲,
hist-ens-101-169,紅莓果,,101,口琴合奏,口琴合奏,國小團體組,童謠,陳鴻儀,,,,,https://web.arte.gov.tw/music/upfile/history/團體/口琴合奏.xls,官方歷年指定曲目 XLS：口琴合奏,,official-xls,2026-07-03,團體/合奏/歷年指定曲,
hist-ens-101-170,花,,101,口琴合奏,口琴合奏,國小團體組,瀧廉太郎,蕭莉君,,,,,https://web.arte.gov.tw/music/upfile/history/團體/口琴合奏.xls,官方歷年指定曲目 XLS：口琴合奏,,official-xls,2026-07-03,團體/合奏/歷年指定曲,
hist-ens-101-171,布穀鳥之歌,,101,口琴合奏,口琴合奏,國中團體組,波普,陳鴻儀,,,,,https://web.arte.gov.tw/music/upfile/history/團體/口琴合奏.xls,官方歷年指定曲目 XLS：口琴合奏,,official-xls,2026-07-03,團體/合奏/歷年指定曲,
hist-ens-101-172,永恆的維也納,,101,口琴合奏,口琴合奏,國中團體組,J. Schrammel,陳鴻儀,,,,,https://web.arte.gov.tw/music/upfile/history/團體/口琴合奏.xls,官方歷年指定曲目 XLS：口琴合奏,,official-xls,2026-07-03,團體/合奏/歷年指定曲,
hist-ens-101-173,維也納進行曲,,101,口琴合奏,口琴合奏,國中團體組,C. Czerny,陳鴻儀,,,,,https://web.arte.gov.tw/music/upfile/history/團體/口琴合奏.xls,官方歷年指定曲目 XLS：口琴合奏,,official-xls,2026-07-03,團體/合奏/歷年指定曲,
hist-ens-101-174,舊友進行曲,,101,口琴合奏,口琴合奏,高中職團體組,K. Teike,廖訓禎,,,,,https://web.arte.gov.tw/music/upfile/history/團體/口琴合奏.xls,官方歷年指定曲目 XLS：口琴合奏,,official-xls,2026-07-03,團體/合奏/歷年指定曲,XLS備註：不反覆
hist-ens-101-175,夢的探戈,,101,口琴合奏,口琴合奏,高中職團體組,E. V. Malderen,陳鴻儀,,,,,https://web.arte.gov.tw/music/upfile/history/團體/口琴合奏.xls,官方歷年指定曲目 XLS：口琴合奏,,official-xls,2026-07-03,團體/合奏/歷年指定曲,XLS備註：照譜反覆
hist-ens-101-176,拉克琪進行曲 (Rakoczy March),Rakoczy March,101,口琴合奏,口琴合奏,高中職團體組,H. Berlioz,陳鴻儀,,,,,https://web.arte.gov.tw/music/upfile/history/團體/口琴合奏.xls,官方歷年指定曲目 XLS：口琴合奏,,official-xls,2026-07-03,團體/合奏/歷年指定曲,
hist-ens-101-177,我的太陽,,101,口琴合奏,口琴合奏,大專團體組,E. d. Capua,盧鴻麟,,,,,https://web.arte.gov.tw/music/upfile/history/團體/口琴合奏.xls,官方歷年指定曲目 XLS：口琴合奏,,official-xls,2026-07-03,團體/合奏/歷年指定曲,
hist-ens-101-178,白牡丹,,101,口琴合奏,口琴合奏,大專團體組,陳達儒,盧鴻麟,,,,,https://web.arte.gov.tw/music/upfile/history/團體/口琴合奏.xls,官方歷年指定曲目 XLS：口琴合奏,,official-xls,2026-07-03,團體/合奏/歷年指定曲,
hist-ens-101-179,邀舞 (Invitation to the dance),Invitation to the dance,101,口琴合奏,口琴合奏,大專團體組,C. M. v. Weber,陳鴻儀 陳瑤容,,,,,https://web.arte.gov.tw/music/upfile/history/團體/口琴合奏.xls,官方歷年指定曲目 XLS：口琴合奏,,official-xls,2026-07-03,團體/合奏/歷年指定曲,
hist-ens-102-180,夕陽西沉,,102,口琴合奏,口琴合奏,國小團體組,西洋名曲,沈友樵,,,,,https://web.arte.gov.tw/music/upfile/history/團體/口琴合奏.xls,官方歷年指定曲目 XLS：口琴合奏,,official-xls,2026-07-03,團體/合奏/歷年指定曲,
hist-ens-102-181,月光是魔術Magic Is The Moonlight,,102,口琴合奏,口琴合奏,國小團體組,M. Grever,陳鴻儀,,,,,https://web.arte.gov.tw/music/upfile/history/團體/口琴合奏.xls,官方歷年指定曲目 XLS：口琴合奏,,official-xls,2026-07-03,團體/合奏/歷年指定曲,
hist-ens-102-182,在銀色月光下,,102,口琴合奏,口琴合奏,國小團體組,新疆民謠,劉志明,,,,,https://web.arte.gov.tw/music/upfile/history/團體/口琴合奏.xls,官方歷年指定曲目 XLS：口琴合奏,,official-xls,2026-07-03,團體/合奏/歷年指定曲,
hist-ens-102-183,拿波里之歌(選自「天鵝湖」),選自「天鵝湖」,102,口琴合奏,口琴合奏,國中團體組,柴可夫斯基,蕭莉君,,,,,https://web.arte.gov.tw/music/upfile/history/團體/口琴合奏.xls,官方歷年指定曲目 XLS：口琴合奏,,official-xls,2026-07-03,團體/合奏/歷年指定曲,
hist-ens-102-184,森林中的水車,,102,口琴合奏,口琴合奏,國中團體組,艾倫貝格,盧怡臻,,,,,https://web.arte.gov.tw/music/upfile/history/團體/口琴合奏.xls,官方歷年指定曲目 XLS：口琴合奏,,official-xls,2026-07-03,團體/合奏/歷年指定曲,
hist-ens-102-185,麗谷列都 Rigolletto,,102,口琴合奏,口琴合奏,國中團體組,Verdi,劉金山,,,,,https://web.arte.gov.tw/music/upfile/history/團體/口琴合奏.xls,官方歷年指定曲目 XLS：口琴合奏,,official-xls,2026-07-03,團體/合奏/歷年指定曲,
hist-ens-102-186,Romanian Folk Dances,,102,口琴合奏,口琴合奏,高中職團體組,B. Bartok,鍾育喬,,,,,https://web.arte.gov.tw/music/upfile/history/團體/口琴合奏.xls,官方歷年指定曲目 XLS：口琴合奏,,official-xls,2026-07-03,團體/合奏/歷年指定曲,
hist-ens-102-187,西班牙小夜曲,,102,口琴合奏,口琴合奏,高中職團體組,G. Bizet,吳常熙,,,,,https://web.arte.gov.tw/music/upfile/history/團體/口琴合奏.xls,官方歷年指定曲目 XLS：口琴合奏,,official-xls,2026-07-03,團體/合奏/歷年指定曲,
hist-ens-102-188,賴烈基進行曲,,102,口琴合奏,口琴合奏,高中職團體組,J. Strauss,盧鴻麟,,,,,https://web.arte.gov.tw/music/upfile/history/團體/口琴合奏.xls,官方歷年指定曲目 XLS：口琴合奏,,official-xls,2026-07-03,團體/合奏/歷年指定曲,
hist-ens-102-189,黑娃娃步態舞,,102,口琴合奏,口琴合奏,大專團體組,C. Debussy,陳鴻儀,,,,,https://web.arte.gov.tw/music/upfile/history/團體/口琴合奏.xls,官方歷年指定曲目 XLS：口琴合奏,,official-xls,2026-07-03,團體/合奏/歷年指定曲,
hist-ens-102-190,雷神進行曲,,102,口琴合奏,口琴合奏,大專團體組,J. P. Sousa,吳常熙,,,,,https://web.arte.gov.tw/music/upfile/history/團體/口琴合奏.xls,官方歷年指定曲目 XLS：口琴合奏,,official-xls,2026-07-03,團體/合奏/歷年指定曲,
hist-ens-102-191,鳳陽花鼓,,102,口琴合奏,口琴合奏,大專團體組,中國安徽民謠,廖訓禎,,,,,https://web.arte.gov.tw/music/upfile/history/團體/口琴合奏.xls,官方歷年指定曲目 XLS：口琴合奏,,official-xls,2026-07-03,團體/合奏/歷年指定曲,
hist-ens-103-192,白髮吟,,103,口琴合奏,口琴合奏,國小團體組,H. P. Danks,吳常熙,,,,,https://web.arte.gov.tw/music/upfile/history/團體/口琴合奏.xls,官方歷年指定曲目 XLS：口琴合奏,,official-xls,2026-07-03,團體/合奏/歷年指定曲,XLS備註：照譜反覆
hist-ens-103-193,丟丟銅,,103,口琴合奏,口琴合奏,國小團體組,台灣民謠,廖訓禎,,,,,https://web.arte.gov.tw/music/upfile/history/團體/口琴合奏.xls,官方歷年指定曲目 XLS：口琴合奏,,official-xls,2026-07-03,團體/合奏/歷年指定曲,XLS出版社欄：限定版本
hist-ens-103-194,憶兒時,,103,口琴合奏,口琴合奏,國小團體組,W.S. Hays,廖訓禎,,,,,https://web.arte.gov.tw/music/upfile/history/團體/口琴合奏.xls,官方歷年指定曲目 XLS：口琴合奏,,official-xls,2026-07-03,團體/合奏/歷年指定曲,XLS出版社欄：限定版本
hist-ens-103-195,茉莉花,,103,口琴合奏,口琴合奏,國中團體組,江蘇民謠,廖訓禎,,,,,https://web.arte.gov.tw/music/upfile/history/團體/口琴合奏.xls,官方歷年指定曲目 XLS：口琴合奏,,official-xls,2026-07-03,團體/合奏/歷年指定曲,XLS出版社欄：限定版本
hist-ens-103-196,旅愁(送別),送別,103,口琴合奏,口琴合奏,國中團體組,J.P. Ordway,廖訓禎,,,,,https://web.arte.gov.tw/music/upfile/history/團體/口琴合奏.xls,官方歷年指定曲目 XLS：口琴合奏,,official-xls,2026-07-03,團體/合奏/歷年指定曲,XLS出版社欄：限定版本
hist-ens-103-197,Rakoczy March,,103,口琴合奏,口琴合奏,國中團體組,H. Berlioz,陳鴻儀,,,,,https://web.arte.gov.tw/music/upfile/history/團體/口琴合奏.xls,官方歷年指定曲目 XLS：口琴合奏,,official-xls,2026-07-03,團體/合奏/歷年指定曲,XLS出版社欄：限定版本
hist-ens-103-198,天黑黑會下雨,,103,口琴合奏,口琴合奏,高中職團體組,台灣民謠,廖訓禎,,,,,https://web.arte.gov.tw/music/upfile/history/團體/口琴合奏.xls,官方歷年指定曲目 XLS：口琴合奏,,official-xls,2026-07-03,團體/合奏/歷年指定曲,XLS出版社欄：限定版本
hist-ens-103-199,桂河大橋,,103,口琴合奏,口琴合奏,高中職團體組,K. J. Alford,陳鴻儀,,,,,https://web.arte.gov.tw/music/upfile/history/團體/口琴合奏.xls,官方歷年指定曲目 XLS：口琴合奏,,official-xls,2026-07-03,團體/合奏/歷年指定曲,XLS出版社欄：限定版本
hist-ens-103-200,Long Long Ago 變奏曲,,103,口琴合奏,口琴合奏,高中職團體組,T.H. Bayly,廖訓禎,,,,,https://web.arte.gov.tw/music/upfile/history/團體/口琴合奏.xls,官方歷年指定曲目 XLS：口琴合奏,,official-xls,2026-07-03,團體/合奏/歷年指定曲,XLS出版社欄：限定版本
hist-ens-103-201,吉格舞曲,,103,口琴合奏,口琴合奏,大專團體組,G. Holst,Judy,,,,,https://web.arte.gov.tw/music/upfile/history/團體/口琴合奏.xls,官方歷年指定曲目 XLS：口琴合奏,,official-xls,2026-07-03,團體/合奏/歷年指定曲,
hist-ens-103-202,安妮特拉舞曲,,103,口琴合奏,口琴合奏,大專團體組,Grieg,盧鴻麟,,,,,https://web.arte.gov.tw/music/upfile/history/團體/口琴合奏.xls,官方歷年指定曲目 XLS：口琴合奏,,official-xls,2026-07-03,團體/合奏/歷年指定曲,XLS出版社欄：限定版本
hist-ens-103-203,採珠人之戀,,103,口琴合奏,口琴合奏,大專團體組,Bizet,盧鴻麟,,,,,https://web.arte.gov.tw/music/upfile/history/團體/口琴合奏.xls,官方歷年指定曲目 XLS：口琴合奏,,official-xls,2026-07-03,團體/合奏/歷年指定曲,XLS出版社欄：限定版本
hist-ens-104-204,One Day When We were Young,,104,口琴合奏,口琴合奏,國小團體組,J.Strauss,盧鴻麟,台灣口琴藝術促進會,,,,https://web.arte.gov.tw/music/upfile/history/團體/口琴合奏.xls,官方歷年指定曲目 XLS：口琴合奏,,official-xls,2026-07-03,團體/合奏/歷年指定曲,
hist-ens-104-205,口琴進行曲,,104,口琴合奏,口琴合奏,國小團體組,陳鴻儀,,103年7月21日編,,,,https://web.arte.gov.tw/music/upfile/history/團體/口琴合奏.xls,官方歷年指定曲目 XLS：口琴合奏,,official-xls,2026-07-03,團體/合奏/歷年指定曲,
hist-ens-104-206,花戒指,,104,口琴合奏,口琴合奏,國小團體組,韓國民謠,劉志明,高雄市口琴協會,,,,https://web.arte.gov.tw/music/upfile/history/團體/口琴合奏.xls,官方歷年指定曲目 XLS：口琴合奏,,official-xls,2026-07-03,團體/合奏/歷年指定曲,
hist-ens-104-207,Jamaica Farewell,,104,口琴合奏,口琴合奏,國中團體組,L. Burgess,陳鴻儀,台灣口琴藝術促進會,,,,https://web.arte.gov.tw/music/upfile/history/團體/口琴合奏.xls,官方歷年指定曲目 XLS：口琴合奏,,official-xls,2026-07-03,團體/合奏/歷年指定曲,
hist-ens-104-208,OBLADI OBLADA SUITE,,104,口琴合奏,口琴合奏,國中團體組,Paul Mccartney等,陳鴻儀,台灣口琴藝術促進會,,,,https://web.arte.gov.tw/music/upfile/history/團體/口琴合奏.xls,官方歷年指定曲目 XLS：口琴合奏,,official-xls,2026-07-03,團體/合奏/歷年指定曲,
hist-ens-104-209,小組曲選自(莫札特旋律),莫札特旋律,104,口琴合奏,口琴合奏,國中團體組,莫札特,吳常熙,口琴雜誌社,,,,https://web.arte.gov.tw/music/upfile/history/團體/口琴合奏.xls,官方歷年指定曲目 XLS：口琴合奏,,official-xls,2026-07-03,團體/合奏/歷年指定曲,
hist-ens-104-210,稻草裡的火雞,,104,口琴合奏,口琴合奏,高中職團體組,美國民謠,廖訓禎,103年1月29日編,,,,https://web.arte.gov.tw/music/upfile/history/團體/口琴合奏.xls,官方歷年指定曲目 XLS：口琴合奏,,official-xls,2026-07-03,團體/合奏/歷年指定曲,
hist-ens-104-211,青春舞曲,,104,口琴合奏,口琴合奏,高中職團體組,新疆維吾爾族民謠,廖訓禎,103年1月25日編,,,,https://web.arte.gov.tw/music/upfile/history/團體/口琴合奏.xls,官方歷年指定曲目 XLS：口琴合奏,,official-xls,2026-07-03,團體/合奏/歷年指定曲,
hist-ens-104-212,莫札特歌劇選粹,,104,口琴合奏,口琴合奏,高中職團體組,莫札特,吳常熙,口琴雜誌社,,,,https://web.arte.gov.tw/music/upfile/history/團體/口琴合奏.xls,官方歷年指定曲目 XLS：口琴合奏,,official-xls,2026-07-03,團體/合奏/歷年指定曲,
hist-ens-104-213,挪威舞曲,,104,口琴合奏,口琴合奏,大專團體組,E. H. Grieg,陳鴻儀,台灣口琴藝術促進會,,,,https://web.arte.gov.tw/music/upfile/history/團體/口琴合奏.xls,官方歷年指定曲目 XLS：口琴合奏,,official-xls,2026-07-03,團體/合奏/歷年指定曲,
hist-ens-104-214,阿里山之歌,,104,口琴合奏,口琴合奏,大專團體組,台灣鄒族民謠,廖訓禎,102年3月18日編 10月26日修,,,,https://web.arte.gov.tw/music/upfile/history/團體/口琴合奏.xls,官方歷年指定曲目 XLS：口琴合奏,,official-xls,2026-07-03,團體/合奏/歷年指定曲,
hist-ens-104-215,口琴嬉遊曲第一樂章進行曲,,104,口琴合奏,口琴合奏,大專團體組,陳晟禕,陳晟禕,狂響口琴樂團,,,,https://web.arte.gov.tw/music/upfile/history/團體/口琴合奏.xls,官方歷年指定曲目 XLS：口琴合奏,,official-xls,2026-07-03,團體/合奏/歷年指定曲,
hist-ens-105-216,西風的話,,105,口琴合奏,口琴合奏,國小團體組,黃自,廖訓禎,台灣口琴藝術促進會2013年12月29日編,,,,https://web.arte.gov.tw/music/upfile/history/團體/口琴合奏.xls,官方歷年指定曲目 XLS：口琴合奏,,official-xls,2026-07-03,團體/合奏/歷年指定曲,
hist-ens-105-217,水舞（Mayim Mayim）,Mayim Mayim,105,口琴合奏,口琴合奏,國小團體組,以色列民謠,廖訓禎,台灣口琴藝術促進會,,,,https://web.arte.gov.tw/music/upfile/history/團體/口琴合奏.xls,官方歷年指定曲目 XLS：口琴合奏,,official-xls,2026-07-03,團體/合奏/歷年指定曲,
hist-ens-105-218,口琴圓舞曲,,105,口琴合奏,口琴合奏,國小團體組,盧鴻麟,蕭莉君,台灣口琴藝術促進會,,,,https://web.arte.gov.tw/music/upfile/history/團體/口琴合奏.xls,官方歷年指定曲目 XLS：口琴合奏,,official-xls,2026-07-03,團體/合奏/歷年指定曲,
hist-ens-105-219,Memory (Tango),Tango,105,口琴合奏,口琴合奏,國中團體組,A.L.Webber,陳鴻儀、陳瑤容合編,台灣口琴藝術促進會,,,,https://web.arte.gov.tw/music/upfile/history/團體/口琴合奏.xls,官方歷年指定曲目 XLS：口琴合奏,,official-xls,2026-07-03,團體/合奏/歷年指定曲,
hist-ens-105-220,Port-Au-Prince(海地太子港),海地太子港,105,口琴合奏,口琴合奏,國中團體組,B.Wayne,陳鴻儀,台灣口琴藝術促進會,,,,https://web.arte.gov.tw/music/upfile/history/團體/口琴合奏.xls,官方歷年指定曲目 XLS：口琴合奏,,official-xls,2026-07-03,團體/合奏/歷年指定曲,
hist-ens-105-221,在銀色月光下,,105,口琴合奏,口琴合奏,高中職團體組,新疆塔塔爾民謠,廖訓禎,台灣口琴藝術促進會,,,,https://web.arte.gov.tw/music/upfile/history/團體/口琴合奏.xls,官方歷年指定曲目 XLS：口琴合奏,,official-xls,2026-07-03,團體/合奏/歷年指定曲,
hist-ens-105-222,甜蜜的家庭變奏曲,,105,口琴合奏,口琴合奏,高中職團體組,Henry Rowley Bishop作曲,廖訓禎,台灣口琴藝術促進會2013年03月27日編 10月24日修,,,,https://web.arte.gov.tw/music/upfile/history/團體/口琴合奏.xls,官方歷年指定曲目 XLS：口琴合奏,,official-xls,2026-07-03,團體/合奏/歷年指定曲,
hist-ens-105-223,Blue Sky Tango(碧藍天),碧藍天,105,口琴合奏,口琴合奏,高中職團體組,探戈名曲,陳鴻儀,台灣口琴藝術促進會,,,,https://web.arte.gov.tw/music/upfile/history/團體/口琴合奏.xls,官方歷年指定曲目 XLS：口琴合奏,,official-xls,2026-07-03,團體/合奏/歷年指定曲,
hist-ens-105-224,Romanian Folk Dances,,105,口琴合奏,口琴合奏,大專團體組,B. Bartok,鍾育喬,台灣口琴藝術促進會,,,,https://web.arte.gov.tw/music/upfile/history/團體/口琴合奏.xls,官方歷年指定曲目 XLS：口琴合奏,,official-xls,2026-07-03,團體/合奏/歷年指定曲,
hist-ens-105-225,小小世界,,105,口琴合奏,口琴合奏,大專團體組,世界名曲,廖訓禎,台灣口琴藝術促進會,,,,https://web.arte.gov.tw/music/upfile/history/團體/口琴合奏.xls,官方歷年指定曲目 XLS：口琴合奏,,official-xls,2026-07-03,團體/合奏/歷年指定曲,
hist-ens-105-226,蘇州河邊,,105,口琴合奏,口琴合奏,大專團體組,陳歌辛,廖訓禎,台灣口琴藝術促進會,,,,https://web.arte.gov.tw/music/upfile/history/團體/口琴合奏.xls,官方歷年指定曲目 XLS：口琴合奏,,official-xls,2026-07-03,團體/合奏/歷年指定曲,
hist-ens-106-227,Proud of You,,106,口琴合奏,口琴合奏,國小團體組,陳光榮,盧怡臻,Judy's 口琴樂團,,,,https://web.arte.gov.tw/music/upfile/history/團體/口琴合奏.xls,官方歷年指定曲目 XLS：口琴合奏,,official-xls,2026-07-03,團體/合奏/歷年指定曲,
hist-ens-106-228,God Rest Ye Merry Gentlemen(天賜歡樂),天賜歡樂,106,口琴合奏,口琴合奏,國小團體組,蘇格蘭民謠,劉志明,高雄市口琴協會,,,,https://web.arte.gov.tw/music/upfile/history/團體/口琴合奏.xls,官方歷年指定曲目 XLS：口琴合奏,,official-xls,2026-07-03,團體/合奏/歷年指定曲,
hist-ens-106-229,匈牙利舞曲》第三號,,106,口琴合奏,口琴合奏,國小團體組,布拉姆斯,莊孟達,博凱愛樂口琴交響樂團,,,,https://web.arte.gov.tw/music/upfile/history/團體/口琴合奏.xls,官方歷年指定曲目 XLS：口琴合奏,,official-xls,2026-07-03,團體/合奏/歷年指定曲,
hist-ens-106-230,Dayung Sampan(甜蜜蜜),甜蜜蜜,106,口琴合奏,口琴合奏,國中團體組,印尼民歌,劉志明,高雄市口琴協會,,,,https://web.arte.gov.tw/music/upfile/history/團體/口琴合奏.xls,官方歷年指定曲目 XLS：口琴合奏,,official-xls,2026-07-03,團體/合奏/歷年指定曲,
hist-ens-106-231,熱情的夜蘭花,,106,口琴合奏,口琴合奏,國中團體組,郭芝苑,姚舜凡,丸玩琴音樂,,,,https://web.arte.gov.tw/music/upfile/history/團體/口琴合奏.xls,官方歷年指定曲目 XLS：口琴合奏,,official-xls,2026-07-03,團體/合奏/歷年指定曲,
hist-ens-106-232,"〈榮耀歸於埃及〉,選自歌劇《阿依達》",,106,口琴合奏,口琴合奏,國中團體組,威爾第,黃靖雯,博凱愛樂口琴交響樂團,,,,https://web.arte.gov.tw/music/upfile/history/團體/口琴合奏.xls,官方歷年指定曲目 XLS：口琴合奏,,official-xls,2026-07-03,團體/合奏/歷年指定曲,
hist-ens-106-233,美國巡邏兵,,106,口琴合奏,口琴合奏,高中職團體組,Meacham,盧鴻麟,台灣口琴藝術促進會,,,,https://web.arte.gov.tw/music/upfile/history/團體/口琴合奏.xls,官方歷年指定曲目 XLS：口琴合奏,,official-xls,2026-07-03,團體/合奏/歷年指定曲,
hist-ens-106-234,Mignon,,106,口琴合奏,口琴合奏,高中職團體組,A.Thomas,姚舜凡,丸玩琴音樂,,,,https://web.arte.gov.tw/music/upfile/history/團體/口琴合奏.xls,官方歷年指定曲目 XLS：口琴合奏,,official-xls,2026-07-03,團體/合奏/歷年指定曲,
hist-ens-106-235,Invitation (邀舞),邀舞,106,口琴合奏,口琴合奏,高中職團體組,C. M. Weber,陳鴻儀/陳瑤,台灣口琴藝術促進會,,,,https://web.arte.gov.tw/music/upfile/history/團體/口琴合奏.xls,官方歷年指定曲目 XLS：口琴合奏,,official-xls,2026-07-03,團體/合奏/歷年指定曲,
hist-ens-106-236,The Nutcracker Suite Op.71B(蘆笛之舞),蘆笛之舞,106,口琴合奏,口琴合奏,大專團體組,Tchaikovsky,劉志明,高雄市口琴協會,,,,https://web.arte.gov.tw/music/upfile/history/團體/口琴合奏.xls,官方歷年指定曲目 XLS：口琴合奏,,official-xls,2026-07-03,團體/合奏/歷年指定曲,
hist-ens-106-237,哈利路亞,,106,口琴合奏,口琴合奏,大專團體組,韓德爾,姚舜凡,丸玩琴音樂,,,,https://web.arte.gov.tw/music/upfile/history/團體/口琴合奏.xls,官方歷年指定曲目 XLS：口琴合奏,,official-xls,2026-07-03,團體/合奏/歷年指定曲,
hist-ens-106-238,"〈熊熊烈火〉,選自歌劇《遊唱詩人》",,106,口琴合奏,口琴合奏,大專團體組,威爾第,黃靖雯,博凱愛樂口琴交響樂團,,,,https://web.arte.gov.tw/music/upfile/history/團體/口琴合奏.xls,官方歷年指定曲目 XLS：口琴合奏,,official-xls,2026-07-03,團體/合奏/歷年指定曲,
hist-ens-107-239,花之圓舞曲,,107,口琴合奏,口琴合奏,國小團體組,P.I.Tchaikovsky,盧怡臻,盧怡臻編曲,,,,https://web.arte.gov.tw/music/upfile/history/團體/口琴合奏.xls,官方歷年指定曲目 XLS：口琴合奏,,official-xls,2026-07-03,團體/合奏/歷年指定曲,
hist-ens-107-240,讓愛發光,,107,口琴合奏,口琴合奏,國小團體組,久石讓,陳晟禕,狂響口琴樂團,,,,https://web.arte.gov.tw/music/upfile/history/團體/口琴合奏.xls,官方歷年指定曲目 XLS：口琴合奏,,official-xls,2026-07-03,團體/合奏/歷年指定曲,
hist-ens-107-241,小錫兵的行進,,107,口琴合奏,口琴合奏,國小團體組,G.Pierne,陳鴻儀,獨特音樂（The Duet）工作室,,,,https://web.arte.gov.tw/music/upfile/history/團體/口琴合奏.xls,官方歷年指定曲目 XLS：口琴合奏,,official-xls,2026-07-03,團體/合奏/歷年指定曲,
hist-ens-107-242,送別,,107,口琴合奏,口琴合奏,國中團體組,John P. Ordway,陳瑤容,獨特音樂（The Duet）工作室,,,,https://web.arte.gov.tw/music/upfile/history/團體/口琴合奏.xls,官方歷年指定曲目 XLS：口琴合奏,,official-xls,2026-07-03,團體/合奏/歷年指定曲,
hist-ens-107-243,K525第二樂章選段,,107,口琴合奏,口琴合奏,國中團體組,W.A.Mozart,盧怡臻,盧怡臻編曲,,,,https://web.arte.gov.tw/music/upfile/history/團體/口琴合奏.xls,官方歷年指定曲目 XLS：口琴合奏,,official-xls,2026-07-03,團體/合奏/歷年指定曲,
hist-ens-107-244,"鬥牛士之歌-選自歌劇《卡門》Chanson du Torador, from ""Carmen""",,107,口琴合奏,口琴合奏,國中團體組,喬治比才George Bizet,莊孟達,博凱愛樂口琴交響樂團,,,,https://web.arte.gov.tw/music/upfile/history/團體/口琴合奏.xls,官方歷年指定曲目 XLS：口琴合奏,,official-xls,2026-07-03,團體/合奏/歷年指定曲,
hist-ens-107-245,海之歌 Sea Songs（C調）,C調,107,口琴合奏,口琴合奏,高中職團體組,Ralph Vaughan Williams,黃靖雯,博凱愛樂口琴交響樂團,,,,https://web.arte.gov.tw/music/upfile/history/團體/口琴合奏.xls,官方歷年指定曲目 XLS：口琴合奏,,official-xls,2026-07-03,團體/合奏/歷年指定曲,
hist-ens-107-246,小矮人之舞Zwergentaunz,,107,口琴合奏,口琴合奏,高中職團體組,Bellasioni & Johann Ortner,狂響阿E,狂響口琴樂團,,,,https://web.arte.gov.tw/music/upfile/history/團體/口琴合奏.xls,官方歷年指定曲目 XLS：口琴合奏,,official-xls,2026-07-03,團體/合奏/歷年指定曲,
hist-ens-107-247,Liebesleid(愛之悲),愛之悲,107,口琴合奏,口琴合奏,高中職團體組,Fritz Kreisler,陳瑤容,獨特音樂（The Duet）工作室,,,,https://web.arte.gov.tw/music/upfile/history/團體/口琴合奏.xls,官方歷年指定曲目 XLS：口琴合奏,,official-xls,2026-07-03,團體/合奏/歷年指定曲,
hist-ens-107-248,小天鵝之舞,,107,口琴合奏,口琴合奏,大專團體組,P.I.Tchaikovsky,盧鴻麟,台北市黃石口琴樂團,,,,https://web.arte.gov.tw/music/upfile/history/團體/口琴合奏.xls,官方歷年指定曲目 XLS：口琴合奏,,official-xls,2026-07-03,團體/合奏/歷年指定曲,
hist-ens-107-249,Scarborough Fair(斯卡伯羅市集),斯卡伯羅市集,107,口琴合奏,口琴合奏,大專團體組,英格蘭民謠,劉志明,高雄市口琴協會,,,,https://web.arte.gov.tw/music/upfile/history/團體/口琴合奏.xls,官方歷年指定曲目 XLS：口琴合奏,,official-xls,2026-07-03,團體/合奏/歷年指定曲,
hist-ens-107-250,野花Wild Flowers,,107,口琴合奏,口琴合奏,大專團體組,James Moody,陳晟禕,狂響口琴樂團,,,,https://web.arte.gov.tw/music/upfile/history/團體/口琴合奏.xls,官方歷年指定曲目 XLS：口琴合奏,,official-xls,2026-07-03,團體/合奏/歷年指定曲,
hist-ens-108-251,望春風,,108,口琴合奏,口琴合奏,國小團體組,鄧雨賢,花影樂團,花影樂團編曲,,,,https://web.arte.gov.tw/music/upfile/history/團體/口琴合奏.xls,官方歷年指定曲目 XLS：口琴合奏,,official-xls,2026-07-03,團體/合奏/歷年指定曲,
hist-ens-108-252,世界的約束,,108,口琴合奏,口琴合奏,國小團體組,木村弓,蕭莉君,台北黃石口琴樂團,,,,https://web.arte.gov.tw/music/upfile/history/團體/口琴合奏.xls,官方歷年指定曲目 XLS：口琴合奏,,official-xls,2026-07-03,團體/合奏/歷年指定曲,
hist-ens-108-253,紅河谷,,108,口琴合奏,口琴合奏,國小團體組,加拿大民謠,廖訓禎,台灣口琴藝術促進會(2017年12月15日版),,,,https://web.arte.gov.tw/music/upfile/history/團體/口琴合奏.xls,官方歷年指定曲目 XLS：口琴合奏,,official-xls,2026-07-03,團體/合奏/歷年指定曲,
hist-ens-108-254,藍色探戈,,108,口琴合奏,口琴合奏,國中團體組,L. Anderson,陳鴻儀,獨特音樂（The Duet）,,,,https://web.arte.gov.tw/music/upfile/history/團體/口琴合奏.xls,官方歷年指定曲目 XLS：口琴合奏,,official-xls,2026-07-03,團體/合奏/歷年指定曲,
hist-ens-108-255,"Music for the Royal Fireworks, HWV 351",,108,口琴合奏,口琴合奏,國中團體組,G. F. Handel,蔡明勳,獨特音樂（The Duet）,,,,https://web.arte.gov.tw/music/upfile/history/團體/口琴合奏.xls,官方歷年指定曲目 XLS：口琴合奏,,official-xls,2026-07-03,團體/合奏/歷年指定曲,
hist-ens-108-256,月亮之河,,108,口琴合奏,口琴合奏,國中團體組,亨利曼西尼/盧鴻麟,蕭莉君,台北黃石口琴樂團,,,,https://web.arte.gov.tw/music/upfile/history/團體/口琴合奏.xls,官方歷年指定曲目 XLS：口琴合奏,,official-xls,2026-07-03,團體/合奏/歷年指定曲,
hist-ens-108-257,Oblivion,,108,口琴合奏,口琴合奏,高中職團體組,Astor Piazzolla,陳瑤容,獨特音樂（The Duet）,,,,https://web.arte.gov.tw/music/upfile/history/團體/口琴合奏.xls,官方歷年指定曲目 XLS：口琴合奏,,official-xls,2026-07-03,團體/合奏/歷年指定曲,
hist-ens-108-258,"Hor mein Lied, Violetta(Violetta, 聽我的歌)","Violetta, 聽我的歌",108,口琴合奏,口琴合奏,高中職團體組,Othmar Klose/Rudi Lukesch,陳鴻儀,獨特音樂（The Duet）,,,,https://web.arte.gov.tw/music/upfile/history/團體/口琴合奏.xls,官方歷年指定曲目 XLS：口琴合奏,,official-xls,2026-07-03,團體/合奏/歷年指定曲,
hist-ens-108-259,In The Sweet By And By(讚慕美地),讚慕美地,108,口琴合奏,口琴合奏,高中職團體組,Joseph P. Webster,劉志明,高雄市口琴協會,,,,https://web.arte.gov.tw/music/upfile/history/團體/口琴合奏.xls,官方歷年指定曲目 XLS：口琴合奏,,official-xls,2026-07-03,團體/合奏/歷年指定曲,
hist-ens-108-260,"〈騎士之舞〉,選自芭蕾舞劇《羅密歐與茱麗葉》",,108,口琴合奏,口琴合奏,大專團體組,Sergei Sergeyevich Prokofiev,黃靖雯,博凱愛樂口琴交響樂團,,,,https://web.arte.gov.tw/music/upfile/history/團體/口琴合奏.xls,官方歷年指定曲目 XLS：口琴合奏,,official-xls,2026-07-03,團體/合奏/歷年指定曲,
hist-ens-108-261,"The Seasons, Op. 37a: XII. December-Christmas",,108,口琴合奏,口琴合奏,大專團體組,P. I. Tchaikovsky,陳瑤容,獨特音樂（The Duet）,,,,https://web.arte.gov.tw/music/upfile/history/團體/口琴合奏.xls,官方歷年指定曲目 XLS：口琴合奏,,official-xls,2026-07-03,團體/合奏/歷年指定曲,
hist-ens-108-262,幻之交叉點,,108,口琴合奏,口琴合奏,大專團體組,Wolfgang Kahl,Ethan Chen,狂響口琴樂團,,,,https://web.arte.gov.tw/music/upfile/history/團體/口琴合奏.xls,官方歷年指定曲目 XLS：口琴合奏,,official-xls,2026-07-03,團體/合奏/歷年指定曲,
hist-ens-109-263,溜冰圓舞曲,,109,口琴合奏,口琴合奏,國小團體組,Émile Waldteufel,姚舜凡,丸玩琴音樂,,,,https://web.arte.gov.tw/music/upfile/history/團體/口琴合奏.xls,官方歷年指定曲目 XLS：口琴合奏,,official-xls,2026-07-03,團體/合奏/歷年指定曲,
hist-ens-109-264,剪羊毛,,109,口琴合奏,口琴合奏,國小團體組,澳大利亞民謠,蘇當堯,鴿友口琴樂團,,,,https://web.arte.gov.tw/music/upfile/history/團體/口琴合奏.xls,官方歷年指定曲目 XLS：口琴合奏,,official-xls,2026-07-03,團體/合奏/歷年指定曲,
hist-ens-109-265,In a Clock Store 時鐘店,,109,口琴合奏,口琴合奏,國小團體組,Charles Orth,Judy’s 口琴樂團,Judy's 口琴樂團,,,,https://web.arte.gov.tw/music/upfile/history/團體/口琴合奏.xls,官方歷年指定曲目 XLS：口琴合奏,,official-xls,2026-07-03,團體/合奏/歷年指定曲,
hist-ens-109-266,Mountain Hunting,,109,口琴合奏,口琴合奏,國中團體組,姚舜凡,姚舜凡,丸玩琴音樂,,,,https://web.arte.gov.tw/music/upfile/history/團體/口琴合奏.xls,官方歷年指定曲目 XLS：口琴合奏,,official-xls,2026-07-03,團體/合奏/歷年指定曲,
hist-ens-109-267,愛情二重唱- 選自【蝴蝶夫人】,,109,口琴合奏,口琴合奏,國中團體組,普契尼,林家靖,Rolabo工作室,,,,https://web.arte.gov.tw/music/upfile/history/團體/口琴合奏.xls,官方歷年指定曲目 XLS：口琴合奏,,official-xls,2026-07-03,團體/合奏/歷年指定曲,
hist-ens-109-268,The Waltzing Cat跳華爾滋的貓,,109,口琴合奏,口琴合奏,國中團體組,L. Anderson,陳鴻儀,獨特音樂（The Duet）工作室,,,,https://web.arte.gov.tw/music/upfile/history/團體/口琴合奏.xls,官方歷年指定曲目 XLS：口琴合奏,,official-xls,2026-07-03,團體/合奏/歷年指定曲,
hist-ens-109-269,紅薔薇,,109,口琴合奏,口琴合奏,高中職團體組,郭芝苑,丸玩琴音樂,丸玩琴音樂,,,,https://web.arte.gov.tw/music/upfile/history/團體/口琴合奏.xls,官方歷年指定曲目 XLS：口琴合奏,,official-xls,2026-07-03,團體/合奏/歷年指定曲,
hist-ens-109-270,愛罕布拉宮的回憶,,109,口琴合奏,口琴合奏,高中職團體組,泰雷嘉,SIBM盧,台北黃石口琴樂團,,,,https://web.arte.gov.tw/music/upfile/history/團體/口琴合奏.xls,官方歷年指定曲目 XLS：口琴合奏,,official-xls,2026-07-03,團體/合奏/歷年指定曲,
hist-ens-109-271,"Die Muhle Im Schwarzwald for Orchestra, Op. 52",,109,口琴合奏,口琴合奏,高中職團體組,Richard Eilenberg,Judy’s 口琴樂團,Judy's 口琴樂團,,,,https://web.arte.gov.tw/music/upfile/history/團體/口琴合奏.xls,官方歷年指定曲目 XLS：口琴合奏,,official-xls,2026-07-03,團體/合奏/歷年指定曲,
hist-ens-109-272,年輕的王子與公主,,109,口琴合奏,口琴合奏,大專團體組,林姆斯基-高沙可夫,林家靖,Rolabo工作室,,,,https://web.arte.gov.tw/music/upfile/history/團體/口琴合奏.xls,官方歷年指定曲目 XLS：口琴合奏,,official-xls,2026-07-03,團體/合奏/歷年指定曲,
hist-ens-109-273,採茶燈,,109,口琴合奏,口琴合奏,大專團體組,福建民謠,廖訓禎,廖訓禎2018年12月27日編,,,,https://web.arte.gov.tw/music/upfile/history/團體/口琴合奏.xls,官方歷年指定曲目 XLS：口琴合奏,,official-xls,2026-07-03,團體/合奏/歷年指定曲,
hist-ens-109-274,La Cumparsita,,109,口琴合奏,口琴合奏,大專團體組,Matos Rodrguez,SIBM盧,台北黃石口琴樂團,,,,https://web.arte.gov.tw/music/upfile/history/團體/口琴合奏.xls,官方歷年指定曲目 XLS：口琴合奏,,official-xls,2026-07-03,團體/合奏/歷年指定曲,
hist-ens-110-275,口袋裡的小精靈,,110,口琴合奏,口琴合奏,國小團體組,彭仁傑,彭仁傑,寶島口琴樂團,,,,https://web.arte.gov.tw/music/upfile/history/團體/口琴合奏.xls,官方歷年指定曲目 XLS：口琴合奏,,official-xls,2026-07-03,團體/合奏/歷年指定曲,
hist-ens-110-276,茶花女,,110,口琴合奏,口琴合奏,國小團體組,威爾第,SIMB盧,台北黃石口琴樂團,,,,https://web.arte.gov.tw/music/upfile/history/團體/口琴合奏.xls,官方歷年指定曲目 XLS：口琴合奏,,official-xls,2026-07-03,團體/合奏/歷年指定曲,
hist-ens-110-277,小蜜蜂變奏曲,,110,口琴合奏,口琴合奏,國小團體組,德國童謠,廖訓禎,台灣口琴藝術促進會(2018年5月11日版),,,,https://web.arte.gov.tw/music/upfile/history/團體/口琴合奏.xls,官方歷年指定曲目 XLS：口琴合奏,,official-xls,2026-07-03,團體/合奏/歷年指定曲,
hist-ens-110-278,刺激,,110,口琴合奏,口琴合奏,國中團體組,Marvin Hamlisch,SIMB盧,台北黃石口琴樂團,,,,https://web.arte.gov.tw/music/upfile/history/團體/口琴合奏.xls,官方歷年指定曲目 XLS：口琴合奏,,official-xls,2026-07-03,團體/合奏/歷年指定曲,
hist-ens-110-279,阿拉貢舞曲/Carmen Suite No. 1: Prelude- Aragonaise,,110,口琴合奏,口琴合奏,國中團體組,G. Bizet,吳常熙,台中市中華口琴會,,,,https://web.arte.gov.tw/music/upfile/history/團體/口琴合奏.xls,官方歷年指定曲目 XLS：口琴合奏,,official-xls,2026-07-03,團體/合奏/歷年指定曲,
hist-ens-110-280,第二圓舞曲,,110,口琴合奏,口琴合奏,國中團體組,Dmitri Shostakovich,SIBM盧編曲,台北黃石口琴樂,,,,https://web.arte.gov.tw/music/upfile/history/團體/口琴合奏.xls,官方歷年指定曲目 XLS：口琴合奏,,official-xls,2026-07-03,團體/合奏/歷年指定曲,
hist-ens-110-281,伊莉莎白小夜曲/Elizabethan Serenade,,110,口琴合奏,口琴合奏,高中職團體組,Ronald Binge,張甫行,台中市中華口琴會,,,,https://web.arte.gov.tw/music/upfile/history/團體/口琴合奏.xls,官方歷年指定曲目 XLS：口琴合奏,,official-xls,2026-07-03,團體/合奏/歷年指定曲,
hist-ens-110-282,野玫瑰,,110,口琴合奏,口琴合奏,高中職團體組,F. Schubert,廖訓禎,台灣口琴藝術促進會(2018年8月12日版),,,,https://web.arte.gov.tw/music/upfile/history/團體/口琴合奏.xls,官方歷年指定曲目 XLS：口琴合奏,,official-xls,2026-07-03,團體/合奏/歷年指定曲,
hist-ens-110-283,"TANGO ""POEMA""",,110,口琴合奏,口琴合奏,高中職團體組,Francisco CANARO,蕭莉君編曲,台北黃石口琴樂團：,,,,https://web.arte.gov.tw/music/upfile/history/團體/口琴合奏.xls,官方歷年指定曲目 XLS：口琴合奏,,official-xls,2026-07-03,團體/合奏/歷年指定曲,
hist-ens-110-284,La Vie En Rose(玫瑰人生),玫瑰人生,110,口琴合奏,口琴合奏,大專團體組,法國香頌,陳鴻儀,獨特音樂有限公司,,,,https://web.arte.gov.tw/music/upfile/history/團體/口琴合奏.xls,官方歷年指定曲目 XLS：口琴合奏,,official-xls,2026-07-03,團體/合奏/歷年指定曲,
hist-ens-110-285,農村酒歌,,110,口琴合奏,口琴合奏,大專團體組,呂泉生,吳常熙,台中市中華口琴會,,,,https://web.arte.gov.tw/music/upfile/history/團體/口琴合奏.xls,官方歷年指定曲目 XLS：口琴合奏,,official-xls,2026-07-03,團體/合奏/歷年指定曲,
hist-ens-110-286,白牡丹綺想,,110,口琴合奏,口琴合奏,大專團體組,陳秋霖,SIBM盧編曲,台北黃石口琴樂團,,,,https://web.arte.gov.tw/music/upfile/history/團體/口琴合奏.xls,官方歷年指定曲目 XLS：口琴合奏,,official-xls,2026-07-03,團體/合奏/歷年指定曲,
hist-ens-111-287,Farewell Harmonica Kids,,111,口琴合奏,口琴合奏,國小團體組,Playko,Suzy,丸玩琴音樂,,,,https://web.arte.gov.tw/music/upfile/history/團體/口琴合奏.xls,官方歷年指定曲目 XLS：口琴合奏,,official-xls,2026-07-03,團體/合奏/歷年指定曲,
hist-ens-111-288,Cov-Waltz,,111,口琴合奏,口琴合奏,國小團體組,Playko,,丸玩琴音樂,,,,https://web.arte.gov.tw/music/upfile/history/團體/口琴合奏.xls,官方歷年指定曲目 XLS：口琴合奏,,official-xls,2026-07-03,團體/合奏/歷年指定曲,
hist-ens-111-289,蝸牛,,111,口琴合奏,口琴合奏,國小團體組,日本童謠,劉志明,高雄市口琴協會,,,,https://web.arte.gov.tw/music/upfile/history/團體/口琴合奏.xls,官方歷年指定曲目 XLS：口琴合奏,,official-xls,2026-07-03,團體/合奏/歷年指定曲,
hist-ens-111-290,在雲上的華爾滋,,111,口琴合奏,口琴合奏,國中團體組,林家靖,林家靖,林家靖,,,,https://web.arte.gov.tw/music/upfile/history/團體/口琴合奏.xls,官方歷年指定曲目 XLS：口琴合奏,,official-xls,2026-07-03,團體/合奏/歷年指定曲,
hist-ens-111-291,Pure Joy,,111,口琴合奏,口琴合奏,國中團體組,SOG5N,,丸玩琴音樂,,,,https://web.arte.gov.tw/music/upfile/history/團體/口琴合奏.xls,官方歷年指定曲目 XLS：口琴合奏,,official-xls,2026-07-03,團體/合奏/歷年指定曲,
hist-ens-111-292,K525第三樂章,,111,口琴合奏,口琴合奏,國中團體組,莫札特,SIBM盧,台北黃石口琴樂團,,,,https://web.arte.gov.tw/music/upfile/history/團體/口琴合奏.xls,官方歷年指定曲目 XLS：口琴合奏,,official-xls,2026-07-03,團體/合奏/歷年指定曲,
hist-ens-111-293,Pizzicato Polka,,111,口琴合奏,口琴合奏,高中職團體組,Johann Strauss II,Judys口琴樂團,Judy's口琴樂團,,,,https://web.arte.gov.tw/music/upfile/history/團體/口琴合奏.xls,官方歷年指定曲目 XLS：口琴合奏,,official-xls,2026-07-03,團體/合奏/歷年指定曲,
hist-ens-111-294,拿坡里舞曲,,111,口琴合奏,口琴合奏,高中職團體組,柴可夫斯基,蕭莉君,台北黃石口琴樂團,,,,https://web.arte.gov.tw/music/upfile/history/團體/口琴合奏.xls,官方歷年指定曲目 XLS：口琴合奏,,official-xls,2026-07-03,團體/合奏/歷年指定曲,
hist-ens-111-295,Love is blue,,111,口琴合奏,口琴合奏,高中職團體組,Andre Popp,劉志明,高雄市口琴協會,,,,https://web.arte.gov.tw/music/upfile/history/團體/口琴合奏.xls,官方歷年指定曲目 XLS：口琴合奏,,official-xls,2026-07-03,團體/合奏/歷年指定曲,
hist-ens-111-296,月夜愁不愁,,111,口琴合奏,口琴合奏,大專團體組,鄧雨賢,陳晟禕,狂響口琴樂團,,,,https://web.arte.gov.tw/music/upfile/history/團體/口琴合奏.xls,官方歷年指定曲目 XLS：口琴合奏,,official-xls,2026-07-03,團體/合奏/歷年指定曲,
hist-ens-111-297,Anitras Dance,,111,口琴合奏,口琴合奏,大專團體組,Edvard Grieg,Judys口琴樂團,Judy's口琴樂團,,,,https://web.arte.gov.tw/music/upfile/history/團體/口琴合奏.xls,官方歷年指定曲目 XLS：口琴合奏,,official-xls,2026-07-03,團體/合奏/歷年指定曲,
hist-ens-111-298,Sullen Ocean,,111,口琴合奏,口琴合奏,大專團體組,SOG5N,,丸玩琴音樂,,,,https://web.arte.gov.tw/music/upfile/history/團體/口琴合奏.xls,官方歷年指定曲目 XLS：口琴合奏,,official-xls,2026-07-03,團體/合奏/歷年指定曲,
hist-ens-112-299,洋娃娃之夢,,112,口琴合奏,口琴合奏,國小團體組,Theodore Oesten,SIBM盧,台北黃石口琴樂團,,,,https://web.arte.gov.tw/music/upfile/history/團體/口琴合奏.xls,官方歷年指定曲目 XLS：口琴合奏,,official-xls,2026-07-03,團體/合奏/歷年指定曲,
hist-ens-112-300,讓愛發光,,112,口琴合奏,口琴合奏,國小團體組,久石讓,陳晟禕,狂響口琴樂團,,,,https://web.arte.gov.tw/music/upfile/history/團體/口琴合奏.xls,官方歷年指定曲目 XLS：口琴合奏,,official-xls,2026-07-03,團體/合奏/歷年指定曲,
hist-ens-112-301,La Playa,,112,口琴合奏,口琴合奏,國中團體組,J. V. Wetter,蕭莉君,台北黃石口琴樂團,,,,https://web.arte.gov.tw/music/upfile/history/團體/口琴合奏.xls,官方歷年指定曲目 XLS：口琴合奏,,official-xls,2026-07-03,團體/合奏/歷年指定曲,
hist-ens-112-302,送別,,112,口琴合奏,口琴合奏,國中團體組,John P. Ordway,陳瑤容,獨特音樂（The Duet）工作室,,,,https://web.arte.gov.tw/music/upfile/history/團體/口琴合奏.xls,官方歷年指定曲目 XLS：口琴合奏,,official-xls,2026-07-03,團體/合奏/歷年指定曲,
hist-ens-112-303,愛情二重唱- 選自【蝴蝶夫人】,,112,口琴合奏,口琴合奏,國中團體組,普契尼,林家靖,Rolabo工作室,,,,https://web.arte.gov.tw/music/upfile/history/團體/口琴合奏.xls,官方歷年指定曲目 XLS：口琴合奏,,official-xls,2026-07-03,團體/合奏/歷年指定曲,
hist-ens-112-304,Tequila,,112,口琴合奏,口琴合奏,高中職團體組,Chuck Rio,SIBM盧,台北黃石口琴樂團,,,,https://web.arte.gov.tw/music/upfile/history/團體/口琴合奏.xls,官方歷年指定曲目 XLS：口琴合奏,,official-xls,2026-07-03,團體/合奏/歷年指定曲,
hist-ens-112-305,Liebesleid (愛之悲),愛之悲,112,口琴合奏,口琴合奏,高中職團體組,Fritz Kreisler,陳瑤容,獨特音樂（The Duet）工作室,,,,https://web.arte.gov.tw/music/upfile/history/團體/口琴合奏.xls,官方歷年指定曲目 XLS：口琴合奏,,official-xls,2026-07-03,團體/合奏/歷年指定曲,
hist-ens-112-306,In the Sweet By And By (讚慕美地),讚慕美地,112,口琴合奏,口琴合奏,高中職團體組,Joseph P. Webster,劉志明,高雄市口琴協會,,,,https://web.arte.gov.tw/music/upfile/history/團體/口琴合奏.xls,官方歷年指定曲目 XLS：口琴合奏,,official-xls,2026-07-03,團體/合奏/歷年指定曲,
hist-ens-112-307,法國13天,,112,口琴合奏,口琴合奏,大專團體組,法蘭西斯雷,蕭莉君,台北黃石口琴樂團,,,,https://web.arte.gov.tw/music/upfile/history/團體/口琴合奏.xls,官方歷年指定曲目 XLS：口琴合奏,,official-xls,2026-07-03,團體/合奏/歷年指定曲,
hist-ens-112-308,Memory (Tango),Tango,112,口琴合奏,口琴合奏,大專團體組,A. L. Webber,陳鴻儀/陳瑤容合編,獨特音樂(The Duet)有限公司,,,,https://web.arte.gov.tw/music/upfile/history/團體/口琴合奏.xls,官方歷年指定曲目 XLS：口琴合奏,,official-xls,2026-07-03,團體/合奏/歷年指定曲,
hist-ens-112-309,"〈熊熊烈火〉,選自歌劇《遊唱詩人》",,112,口琴合奏,口琴合奏,大專團體組,威爾第,黃靖雯,博凱愛樂口琴交響樂團,,,,https://web.arte.gov.tw/music/upfile/history/團體/口琴合奏.xls,官方歷年指定曲目 XLS：口琴合奏,,official-xls,2026-07-03,團體/合奏/歷年指定曲,
hist-ens-113-310,Sonatine,,113,口琴合奏,口琴合奏,國小團體組,M. Clementi,丸玩琴音樂,丸玩琴音樂,,,,https://web.arte.gov.tw/music/upfile/history/團體/口琴合奏.xls,官方歷年指定曲目 XLS：口琴合奏,,official-xls,2026-07-03,團體/合奏/歷年指定曲,
hist-ens-113-311,農村曲,,113,口琴合奏,口琴合奏,國小團體組,蘇桐,廖訓禎,台灣口琴樂團2018年5月19日,,,,https://web.arte.gov.tw/music/upfile/history/團體/口琴合奏.xls,官方歷年指定曲目 XLS：口琴合奏,,official-xls,2026-07-03,團體/合奏/歷年指定曲,
hist-ens-113-312,少年的我,,113,口琴合奏,口琴合奏,國小團體組,李七牛,陳鴻儀,獨特音樂(The Duet),,,,https://web.arte.gov.tw/music/upfile/history/團體/口琴合奏.xls,官方歷年指定曲目 XLS：口琴合奏,,official-xls,2026-07-03,團體/合奏/歷年指定曲,
hist-ens-113-313,銀色月光下,,113,口琴合奏,口琴合奏,國中團體組,王洛賓,丸玩琴音樂,丸玩琴音樂,,,,https://web.arte.gov.tw/music/upfile/history/團體/口琴合奏.xls,官方歷年指定曲目 XLS：口琴合奏,,official-xls,2026-07-03,團體/合奏/歷年指定曲,
hist-ens-113-314,拍手歌,,113,口琴合奏,口琴合奏,國中團體組,伍欽光,范曉怡,狂響口琴樂團,,,,https://web.arte.gov.tw/music/upfile/history/團體/口琴合奏.xls,官方歷年指定曲目 XLS：口琴合奏,,official-xls,2026-07-03,團體/合奏/歷年指定曲,
hist-ens-113-315,喜洋洋,,113,口琴合奏,口琴合奏,國中團體組,廣東民謠(劉明源作曲),廖訓禎,台灣口琴樂團2019年1月4日,,,,https://web.arte.gov.tw/music/upfile/history/團體/口琴合奏.xls,官方歷年指定曲目 XLS：口琴合奏,,official-xls,2026-07-03,團體/合奏/歷年指定曲,
hist-ens-113-316,Irish Medley,,113,口琴合奏,口琴合奏,高中職團體組,James Moody,丸玩琴音樂,丸玩琴音樂,,,,https://web.arte.gov.tw/music/upfile/history/團體/口琴合奏.xls,官方歷年指定曲目 XLS：口琴合奏,,official-xls,2026-07-03,團體/合奏/歷年指定曲,
hist-ens-113-317,台灣對唱歌謠組曲,,113,口琴合奏,口琴合奏,高中職團體組,台灣民謠,劉志明,高雄市口琴協會,,,,https://web.arte.gov.tw/music/upfile/history/團體/口琴合奏.xls,官方歷年指定曲目 XLS：口琴合奏,,official-xls,2026-07-03,團體/合奏/歷年指定曲,
hist-ens-113-318,今年夏天,,113,口琴合奏,口琴合奏,高中職團體組,尹詩涵,狂響阿E,狂響口琴樂團,,,,https://web.arte.gov.tw/music/upfile/history/團體/口琴合奏.xls,官方歷年指定曲目 XLS：口琴合奏,,official-xls,2026-07-03,團體/合奏/歷年指定曲,
hist-ens-113-319,Summer,,113,口琴合奏,口琴合奏,大專團體組,Playko Yao,,丸玩琴音樂,,,,https://web.arte.gov.tw/music/upfile/history/團體/口琴合奏.xls,官方歷年指定曲目 XLS：口琴合奏,,official-xls,2026-07-03,團體/合奏/歷年指定曲,
hist-ens-113-320,夜后(Queen of the Night),Queen of the Night,113,口琴合奏,口琴合奏,大專團體組,莫札特,劉志明,高雄市口琴協會,,,,https://web.arte.gov.tw/music/upfile/history/團體/口琴合奏.xls,官方歷年指定曲目 XLS：口琴合奏,,official-xls,2026-07-03,團體/合奏/歷年指定曲,
hist-ens-113-321,回憶-夜曲,,113,口琴合奏,口琴合奏,大專團體組,郭芝苑,丸玩琴音樂,丸玩琴音樂,,,,https://web.arte.gov.tw/music/upfile/history/團體/口琴合奏.xls,官方歷年指定曲目 XLS：口琴合奏,,official-xls,2026-07-03,團體/合奏/歷年指定曲,
hist-qt-086-001,夜來香,,86,口琴四重奏,室內樂合奏-口琴四重奏,高中職,金玉谷,盧鴻麟,HAPA,,,,https://web.arte.gov.tw/music/upfile/history/團體/室內樂合奏-口琴四重奏.xls,官方歷年指定曲目 XLS：室內樂合奏-口琴四重奏,,official-xls,2026-07-03,團體/四重奏/歷年指定曲,
hist-qt-086-002,撥奏波卡舞曲,,86,口琴四重奏,室內樂合奏-口琴四重奏,高中職,J. Strauss,陳鴻儀,HAPA,,,,https://web.arte.gov.tw/music/upfile/history/團體/室內樂合奏-口琴四重奏.xls,官方歷年指定曲目 XLS：室內樂合奏-口琴四重奏,,official-xls,2026-07-03,團體/四重奏/歷年指定曲,
hist-qt-086-003,哈巴奈特舞曲,,86,口琴四重奏,室內樂合奏-口琴四重奏,大專,A. Alba,陳鴻儀,HAPA,,,,https://web.arte.gov.tw/music/upfile/history/團體/室內樂合奏-口琴四重奏.xls,官方歷年指定曲目 XLS：室內樂合奏-口琴四重奏,,official-xls,2026-07-03,團體/四重奏/歷年指定曲,
hist-qt-086-004,回憶(Memory),Memory,86,口琴四重奏,室內樂合奏-口琴四重奏,大專,A. L. Webber,盧鴻麟,HAPA,,,,https://web.arte.gov.tw/music/upfile/history/團體/室內樂合奏-口琴四重奏.xls,官方歷年指定曲目 XLS：室內樂合奏-口琴四重奏,,official-xls,2026-07-03,團體/四重奏/歷年指定曲,
hist-qt-086-005,哈巴奈特舞曲,,86,口琴四重奏,室內樂合奏-口琴四重奏,社會,A. Alba,陳鴻儀,HAPA,,,,https://web.arte.gov.tw/music/upfile/history/團體/室內樂合奏-口琴四重奏.xls,官方歷年指定曲目 XLS：室內樂合奏-口琴四重奏,,official-xls,2026-07-03,團體/四重奏/歷年指定曲,
hist-qt-086-006,回憶(Memory),Memory,86,口琴四重奏,室內樂合奏-口琴四重奏,社會,A. L. Webber,盧鴻麟,HAPA,,,,https://web.arte.gov.tw/music/upfile/history/團體/室內樂合奏-口琴四重奏.xls,官方歷年指定曲目 XLS：室內樂合奏-口琴四重奏,,official-xls,2026-07-03,團體/四重奏/歷年指定曲,
hist-qt-087-007,鈕釦與蝴蝶結,,87,口琴四重奏,室內樂合奏-口琴四重奏,高中職,電影插曲,盧鴻麟,HAPA,,,,https://web.arte.gov.tw/music/upfile/history/團體/室內樂合奏-口琴四重奏.xls,官方歷年指定曲目 XLS：室內樂合奏-口琴四重奏,,official-xls,2026-07-03,團體/四重奏/歷年指定曲,
hist-qt-087-008,撥奏波卡舞曲,,87,口琴四重奏,室內樂合奏-口琴四重奏,高中職,J. Strauss,陳鴻儀,HAPA,,,,https://web.arte.gov.tw/music/upfile/history/團體/室內樂合奏-口琴四重奏.xls,官方歷年指定曲目 XLS：室內樂合奏-口琴四重奏,,official-xls,2026-07-03,團體/四重奏/歷年指定曲,
hist-qt-087-009,舒伯特小夜曲,,87,口琴四重奏,室內樂合奏-口琴四重奏,大專,舒伯特,陳鴻儀,HAPA,,,,https://web.arte.gov.tw/music/upfile/history/團體/室內樂合奏-口琴四重奏.xls,官方歷年指定曲目 XLS：室內樂合奏-口琴四重奏,,official-xls,2026-07-03,團體/四重奏/歷年指定曲,
hist-qt-087-010,探戈舞曲,,87,口琴四重奏,室內樂合奏-口琴四重奏,大專,佚名,盧鴻麟,HAPA,,,,https://web.arte.gov.tw/music/upfile/history/團體/室內樂合奏-口琴四重奏.xls,官方歷年指定曲目 XLS：室內樂合奏-口琴四重奏,,official-xls,2026-07-03,團體/四重奏/歷年指定曲,
hist-qt-087-011,舒伯特小夜曲,,87,口琴四重奏,室內樂合奏-口琴四重奏,社會,舒伯特,陳鴻儀,HAPA,,,,https://web.arte.gov.tw/music/upfile/history/團體/室內樂合奏-口琴四重奏.xls,官方歷年指定曲目 XLS：室內樂合奏-口琴四重奏,,official-xls,2026-07-03,團體/四重奏/歷年指定曲,
hist-qt-087-012,探戈舞曲,,87,口琴四重奏,室內樂合奏-口琴四重奏,社會,佚名,盧鴻麟,HAPA,,,,https://web.arte.gov.tw/music/upfile/history/團體/室內樂合奏-口琴四重奏.xls,官方歷年指定曲目 XLS：室內樂合奏-口琴四重奏,,official-xls,2026-07-03,團體/四重奏/歷年指定曲,
hist-qt-088-013,高砂島舞曲,,88,口琴四重奏,室內樂合奏-口琴四重奏,高中職,舞曲,盧鴻麟,HAPA,,,,https://web.arte.gov.tw/music/upfile/history/團體/室內樂合奏-口琴四重奏.xls,官方歷年指定曲目 XLS：室內樂合奏-口琴四重奏,,official-xls,2026-07-03,團體/四重奏/歷年指定曲,
hist-qt-088-014,安妮特拉舞曲,,88,口琴四重奏,室內樂合奏-口琴四重奏,高中職,E. Grieg,陳鴻儀,HAPA,,,,https://web.arte.gov.tw/music/upfile/history/團體/室內樂合奏-口琴四重奏.xls,官方歷年指定曲目 XLS：室內樂合奏-口琴四重奏,,official-xls,2026-07-03,團體/四重奏/歷年指定曲,
hist-qt-088-015,夢的探戈,,88,口琴四重奏,室內樂合奏-口琴四重奏,大專,Malderen,陳鴻儀,HAPA,,,,https://web.arte.gov.tw/music/upfile/history/團體/室內樂合奏-口琴四重奏.xls,官方歷年指定曲目 XLS：室內樂合奏-口琴四重奏,,official-xls,2026-07-03,團體/四重奏/歷年指定曲,
hist-qt-088-016,橄欖的首飾,,88,口琴四重奏,室內樂合奏-口琴四重奏,大專,Morgan,盧鴻麟,HAPA,,,,https://web.arte.gov.tw/music/upfile/history/團體/室內樂合奏-口琴四重奏.xls,官方歷年指定曲目 XLS：室內樂合奏-口琴四重奏,,official-xls,2026-07-03,團體/四重奏/歷年指定曲,
hist-qt-088-017,夢的探戈,,88,口琴四重奏,室內樂合奏-口琴四重奏,社會,Malderen,陳鴻儀,HAPA,,,,https://web.arte.gov.tw/music/upfile/history/團體/室內樂合奏-口琴四重奏.xls,官方歷年指定曲目 XLS：室內樂合奏-口琴四重奏,,official-xls,2026-07-03,團體/四重奏/歷年指定曲,
hist-qt-088-018,橄欖的首飾,,88,口琴四重奏,室內樂合奏-口琴四重奏,社會,Morgan,盧鴻麟,HAPA,,,,https://web.arte.gov.tw/music/upfile/history/團體/室內樂合奏-口琴四重奏.xls,官方歷年指定曲目 XLS：室內樂合奏-口琴四重奏,,official-xls,2026-07-03,團體/四重奏/歷年指定曲,
hist-qt-089-019,哈巴奈拉舞曲,,89,口琴四重奏,室內樂合奏-口琴四重奏,國中,A. Alba,陳鴻儀,HAPA,,,,https://web.arte.gov.tw/music/upfile/history/團體/室內樂合奏-口琴四重奏.xls,官方歷年指定曲目 XLS：室內樂合奏-口琴四重奏,,official-xls,2026-07-03,團體/四重奏/歷年指定曲,
hist-qt-089-020,鈕釦與蝴蝶結,,89,口琴四重奏,室內樂合奏-口琴四重奏,國中,電影插曲,盧鴻麟,HAPA,,,,https://web.arte.gov.tw/music/upfile/history/團體/室內樂合奏-口琴四重奏.xls,官方歷年指定曲目 XLS：室內樂合奏-口琴四重奏,,official-xls,2026-07-03,團體/四重奏/歷年指定曲,
hist-qt-089-021,真假公主帝女夢,,89,口琴四重奏,室內樂合奏-口琴四重奏,高中職,Jean Baudlot,盧鴻麟,HAPA,,,,https://web.arte.gov.tw/music/upfile/history/團體/室內樂合奏-口琴四重奏.xls,官方歷年指定曲目 XLS：室內樂合奏-口琴四重奏,,official-xls,2026-07-03,團體/四重奏/歷年指定曲,
hist-qt-089-022,拿波里之歌,,89,口琴四重奏,室內樂合奏-口琴四重奏,高中職,柴可夫斯基,陳鴻儀,HAPA,,,,https://web.arte.gov.tw/music/upfile/history/團體/室內樂合奏-口琴四重奏.xls,官方歷年指定曲目 XLS：室內樂合奏-口琴四重奏,,official-xls,2026-07-03,團體/四重奏/歷年指定曲,
hist-qt-089-023,俄國民謠組曲,,89,口琴四重奏,室內樂合奏-口琴四重奏,大專,俄國民謠,陳鴻儀,HAPA,,,,https://web.arte.gov.tw/music/upfile/history/團體/室內樂合奏-口琴四重奏.xls,官方歷年指定曲目 XLS：室內樂合奏-口琴四重奏,,official-xls,2026-07-03,團體/四重奏/歷年指定曲,
hist-qt-089-024,史溫妮河,,89,口琴四重奏,室內樂合奏-口琴四重奏,大專,佛司特,盧鴻麟,HAPA,,,,https://web.arte.gov.tw/music/upfile/history/團體/室內樂合奏-口琴四重奏.xls,官方歷年指定曲目 XLS：室內樂合奏-口琴四重奏,,official-xls,2026-07-03,團體/四重奏/歷年指定曲,
hist-qt-089-025,俄國民謠組曲,,89,口琴四重奏,室內樂合奏-口琴四重奏,社會,俄國民謠,陳鴻儀,HAPA,,,,https://web.arte.gov.tw/music/upfile/history/團體/室內樂合奏-口琴四重奏.xls,官方歷年指定曲目 XLS：室內樂合奏-口琴四重奏,,official-xls,2026-07-03,團體/四重奏/歷年指定曲,
hist-qt-089-026,史溫妮河,,89,口琴四重奏,室內樂合奏-口琴四重奏,社會,佛司特,盧鴻麟,HAPA,,,,https://web.arte.gov.tw/music/upfile/history/團體/室內樂合奏-口琴四重奏.xls,官方歷年指定曲目 XLS：室內樂合奏-口琴四重奏,,official-xls,2026-07-03,團體/四重奏/歷年指定曲,
hist-qt-090-027,梭羅河畔,,90,口琴四重奏,室內樂合奏-口琴四重奏,國中,爪哇民謠,盧鴻麟,HAPA,,,,https://web.arte.gov.tw/music/upfile/history/團體/室內樂合奏-口琴四重奏.xls,官方歷年指定曲目 XLS：室內樂合奏-口琴四重奏,,official-xls,2026-07-03,團體/四重奏/歷年指定曲,
hist-qt-090-028,卡其多,,90,口琴四重奏,室內樂合奏-口琴四重奏,國中,Velazguez,陳鴻儀,HAPA,,,,https://web.arte.gov.tw/music/upfile/history/團體/室內樂合奏-口琴四重奏.xls,官方歷年指定曲目 XLS：室內樂合奏-口琴四重奏,,official-xls,2026-07-03,團體/四重奏/歷年指定曲,
hist-qt-090-029,豎笛波卡,,90,口琴四重奏,室內樂合奏-口琴四重奏,高中職,豎笛民謠,盧鴻麟,HAPA,,,,https://web.arte.gov.tw/music/upfile/history/團體/室內樂合奏-口琴四重奏.xls,官方歷年指定曲目 XLS：室內樂合奏-口琴四重奏,,official-xls,2026-07-03,團體/四重奏/歷年指定曲,
hist-qt-090-030,撥波卡舞曲奏,,90,口琴四重奏,室內樂合奏-口琴四重奏,高中職,J. Strauss,陳鴻儀,HAPA,,,,https://web.arte.gov.tw/music/upfile/history/團體/室內樂合奏-口琴四重奏.xls,官方歷年指定曲目 XLS：室內樂合奏-口琴四重奏,,official-xls,2026-07-03,團體/四重奏/歷年指定曲,
hist-qt-090-031,探戈舞曲,,90,口琴四重奏,室內樂合奏-口琴四重奏,大專,M.Melfi,盧鴻麟,HAPA,,,,https://web.arte.gov.tw/music/upfile/history/團體/室內樂合奏-口琴四重奏.xls,官方歷年指定曲目 XLS：室內樂合奏-口琴四重奏,,official-xls,2026-07-03,團體/四重奏/歷年指定曲,
hist-qt-090-032,舒伯特小夜曲,,90,口琴四重奏,室內樂合奏-口琴四重奏,大專,F.Schubert,陳鴻儀,HAPA,,,,https://web.arte.gov.tw/music/upfile/history/團體/室內樂合奏-口琴四重奏.xls,官方歷年指定曲目 XLS：室內樂合奏-口琴四重奏,,official-xls,2026-07-03,團體/四重奏/歷年指定曲,
hist-qt-091-033,梭羅河畔,,91,口琴四重奏,室內樂合奏-口琴四重奏,國中,爪哇民謠,盧鴻麟,中華民國口琴藝術促進協會,,,,https://web.arte.gov.tw/music/upfile/history/團體/室內樂合奏-口琴四重奏.xls,官方歷年指定曲目 XLS：室內樂合奏-口琴四重奏,,official-xls,2026-07-03,團體/四重奏/歷年指定曲,
hist-qt-091-034,快樂的出航,,91,口琴四重奏,室內樂合奏-口琴四重奏,國中,日本民謠,曾國穩,口琴家雜誌社,,,,https://web.arte.gov.tw/music/upfile/history/團體/室內樂合奏-口琴四重奏.xls,官方歷年指定曲目 XLS：室內樂合奏-口琴四重奏,,official-xls,2026-07-03,團體/四重奏/歷年指定曲,
hist-qt-091-035,豎笛波卡,,91,口琴四重奏,室內樂合奏-口琴四重奏,高中職,豎笛名曲,盧鴻麟,中華民國口琴藝術促進協會,,,,https://web.arte.gov.tw/music/upfile/history/團體/室內樂合奏-口琴四重奏.xls,官方歷年指定曲目 XLS：室內樂合奏-口琴四重奏,,official-xls,2026-07-03,團體/四重奏/歷年指定曲,
hist-qt-091-036,波奏波卡舞曲,,91,口琴四重奏,室內樂合奏-口琴四重奏,高中職,J. Strauss,陳鴻儀,中華民國口琴藝術促進協會,,,,https://web.arte.gov.tw/music/upfile/history/團體/室內樂合奏-口琴四重奏.xls,官方歷年指定曲目 XLS：室內樂合奏-口琴四重奏,,official-xls,2026-07-03,團體/四重奏/歷年指定曲,
hist-qt-091-037,杜鵑圓舞曲,,91,口琴四重奏,室內樂合奏-口琴四重奏,大專,J.E.Jonasson,陳鴻儀,中華民國口琴藝術促進協會,,,,https://web.arte.gov.tw/music/upfile/history/團體/室內樂合奏-口琴四重奏.xls,官方歷年指定曲目 XLS：室內樂合奏-口琴四重奏,,official-xls,2026-07-03,團體/四重奏/歷年指定曲,
hist-qt-091-038,探戈舞曲,,91,口琴四重奏,室內樂合奏-口琴四重奏,大專,M.Melfi,盧鴻麟,中華民國口琴藝術促進協會,,,,https://web.arte.gov.tw/music/upfile/history/團體/室內樂合奏-口琴四重奏.xls,官方歷年指定曲目 XLS：室內樂合奏-口琴四重奏,,official-xls,2026-07-03,團體/四重奏/歷年指定曲,
hist-qt-092-039,剪羊毛,,92,口琴四重奏,室內樂合奏-口琴四重奏,國中,澳大利亞民歌,許俊哲,口琴家雜誌社,,,,https://web.arte.gov.tw/music/upfile/history/團體/室內樂合奏-口琴四重奏.xls,官方歷年指定曲目 XLS：室內樂合奏-口琴四重奏,,official-xls,2026-07-03,團體/四重奏/歷年指定曲,
hist-qt-092-040,哈巴奈拉舞曲,,92,口琴四重奏,室內樂合奏-口琴四重奏,國中,A.Alba,陳鴻儀,中華民國口琴藝術促進協會,,,,https://web.arte.gov.tw/music/upfile/history/團體/室內樂合奏-口琴四重奏.xls,官方歷年指定曲目 XLS：室內樂合奏-口琴四重奏,,official-xls,2026-07-03,團體/四重奏/歷年指定曲,
hist-qt-092-041,豐年祭,,92,口琴四重奏,室內樂合奏-口琴四重奏,高中職,台灣山地民歌,夏炎,口琴家雜誌社,,,,https://web.arte.gov.tw/music/upfile/history/團體/室內樂合奏-口琴四重奏.xls,官方歷年指定曲目 XLS：室內樂合奏-口琴四重奏,,official-xls,2026-07-03,團體/四重奏/歷年指定曲,
hist-qt-092-042,紐扣與蝴蝶結,,92,口琴四重奏,室內樂合奏-口琴四重奏,高中職,電影主題曲,盧鴻麟,中華民國口琴藝術促進協會,,,,https://web.arte.gov.tw/music/upfile/history/團體/室內樂合奏-口琴四重奏.xls,官方歷年指定曲目 XLS：室內樂合奏-口琴四重奏,,official-xls,2026-07-03,團體/四重奏/歷年指定曲,
hist-qt-092-043,橄欖的首飾,,92,口琴四重奏,室內樂合奏-口琴四重奏,大專,C.Morgan,盧鴻麟,中華民國口琴藝術促進協會,,,,https://web.arte.gov.tw/music/upfile/history/團體/室內樂合奏-口琴四重奏.xls,官方歷年指定曲目 XLS：室內樂合奏-口琴四重奏,,official-xls,2026-07-03,團體/四重奏/歷年指定曲,
hist-qt-092-044,俄國民謠組曲,,92,口琴四重奏,室內樂合奏-口琴四重奏,大專,俄國民謠,陳鴻儀,中華民國口琴藝術促進協會,,,,https://web.arte.gov.tw/music/upfile/history/團體/室內樂合奏-口琴四重奏.xls,官方歷年指定曲目 XLS：室內樂合奏-口琴四重奏,,official-xls,2026-07-03,團體/四重奏/歷年指定曲,
hist-qt-093-045,倫敦橋,,93,口琴四重奏,室內樂合奏-口琴四重奏,國中,英國民謠,陳鴻儀,中華民國口琴藝術促進協會,,,,https://web.arte.gov.tw/music/upfile/history/團體/室內樂合奏-口琴四重奏.xls,官方歷年指定曲目 XLS：室內樂合奏-口琴四重奏,,official-xls,2026-07-03,團體/四重奏/歷年指定曲,
hist-qt-093-046,古老的大鐘,,93,口琴四重奏,室內樂合奏-口琴四重奏,國中,平井堅,蕭莉君,中華民國口琴藝術促進協會,,,,https://web.arte.gov.tw/music/upfile/history/團體/室內樂合奏-口琴四重奏.xls,官方歷年指定曲目 XLS：室內樂合奏-口琴四重奏,,official-xls,2026-07-03,團體/四重奏/歷年指定曲,
hist-qt-093-047,法蘭德爾舞曲,,93,口琴四重奏,室內樂合奏-口琴四重奏,高中職,比才,陳鴻儀,中華民國口琴藝術促進協會,,,,https://web.arte.gov.tw/music/upfile/history/團體/室內樂合奏-口琴四重奏.xls,官方歷年指定曲目 XLS：室內樂合奏-口琴四重奏,,official-xls,2026-07-03,團體/四重奏/歷年指定曲,
hist-qt-093-048,Quien Sera(會是誰),會是誰,93,口琴四重奏,室內樂合奏-口琴四重奏,高中職,拉丁名曲,盧鴻麟,中華民國口琴藝術促進協會,,,,https://web.arte.gov.tw/music/upfile/history/團體/室內樂合奏-口琴四重奏.xls,官方歷年指定曲目 XLS：室內樂合奏-口琴四重奏,,official-xls,2026-07-03,團體/四重奏/歷年指定曲,
hist-qt-093-049,"""Theme""from Symphony No.3 Op.90 3rd Movement",,93,口琴四重奏,室內樂合奏-口琴四重奏,大專,J.Brahms,陳嘉謨,中華民國口琴藝術促進協會,,,,https://web.arte.gov.tw/music/upfile/history/團體/室內樂合奏-口琴四重奏.xls,官方歷年指定曲目 XLS：室內樂合奏-口琴四重奏,,official-xls,2026-07-03,團體/四重奏/歷年指定曲,
hist-qt-093-050,藍色探戈,,93,口琴四重奏,室內樂合奏-口琴四重奏,大專,L.Anderson,盧鴻麟,中華民國口琴藝術促進協會,,,,https://web.arte.gov.tw/music/upfile/history/團體/室內樂合奏-口琴四重奏.xls,官方歷年指定曲目 XLS：室內樂合奏-口琴四重奏,,official-xls,2026-07-03,團體/四重奏/歷年指定曲,
hist-qt-094-051,白鴿寄情,,94,口琴四重奏,室內樂合奏-口琴四重奏,國中,西洋名曲,陳鴻儀,HAPA,,,,https://web.arte.gov.tw/music/upfile/history/團體/室內樂合奏-口琴四重奏.xls,官方歷年指定曲目 XLS：室內樂合奏-口琴四重奏,,official-xls,2026-07-03,團體/四重奏/歷年指定曲,
hist-qt-094-052,月光,,94,口琴四重奏,室內樂合奏-口琴四重奏,國中,橋木淳,SIBM盧,HAPA,,,,https://web.arte.gov.tw/music/upfile/history/團體/室內樂合奏-口琴四重奏.xls,官方歷年指定曲目 XLS：室內樂合奏-口琴四重奏,,official-xls,2026-07-03,團體/四重奏/歷年指定曲,
hist-qt-094-053,梭羅河畔,,94,口琴四重奏,室內樂合奏-口琴四重奏,高中職,爪哇民謠,蕭莉君,HAPA,,,,https://web.arte.gov.tw/music/upfile/history/團體/室內樂合奏-口琴四重奏.xls,官方歷年指定曲目 XLS：室內樂合奏-口琴四重奏,,official-xls,2026-07-03,團體/四重奏/歷年指定曲,
hist-qt-094-054,隔壁的精靈(選自「龍貓」),選自「龍貓」,94,口琴四重奏,室內樂合奏-口琴四重奏,高中職,久石讓,SIBM盧,HAPA,,,,https://web.arte.gov.tw/music/upfile/history/團體/室內樂合奏-口琴四重奏.xls,官方歷年指定曲目 XLS：室內樂合奏-口琴四重奏,,official-xls,2026-07-03,團體/四重奏/歷年指定曲,
hist-qt-094-055,纜車之歌,,94,口琴四重奏,室內樂合奏-口琴四重奏,大專,義大利民謠,陳鴻儀,HAPA,,,,https://web.arte.gov.tw/music/upfile/history/團體/室內樂合奏-口琴四重奏.xls,官方歷年指定曲目 XLS：室內樂合奏-口琴四重奏,,official-xls,2026-07-03,團體/四重奏/歷年指定曲,
hist-qt-094-056,總是一日又ㄧ日(選自神隱少女),選自神隱少女,94,口琴四重奏,室內樂合奏-口琴四重奏,大專,木村弓,蕭莉君,HAPA,,,,https://web.arte.gov.tw/music/upfile/history/團體/室內樂合奏-口琴四重奏.xls,官方歷年指定曲目 XLS：室內樂合奏-口琴四重奏,,official-xls,2026-07-03,團體/四重奏/歷年指定曲,
hist-qt-095-057,冬の星座 (靜夜星空),靜夜星空,95,口琴四重奏,室內樂合奏-口琴四重奏,國中,岩崎重昭,,Doremi Music Pub.,,,,https://web.arte.gov.tw/music/upfile/history/團體/室內樂合奏-口琴四重奏.xls,官方歷年指定曲目 XLS：室內樂合奏-口琴四重奏,,official-xls,2026-07-03,團體/四重奏/歷年指定曲,
hist-qt-095-058,野宴,,95,口琴四重奏,室內樂合奏-口琴四重奏,國中,吳常熙,Judy’s口琴樂團,茱蒂口琴樂團 黃石口琴網,,,,https://web.arte.gov.tw/music/upfile/history/團體/室內樂合奏-口琴四重奏.xls,官方歷年指定曲目 XLS：室內樂合奏-口琴四重奏,,official-xls,2026-07-03,團體/四重奏/歷年指定曲,
hist-qt-095-059,卡農,,95,口琴四重奏,室內樂合奏-口琴四重奏,高中職,帕海貝爾,劉志明,高雄市口琴協會,,,,https://web.arte.gov.tw/music/upfile/history/團體/室內樂合奏-口琴四重奏.xls,官方歷年指定曲目 XLS：室內樂合奏-口琴四重奏,,official-xls,2026-07-03,團體/四重奏/歷年指定曲,
hist-qt-095-060,安妮特拉之舞,,95,口琴四重奏,室內樂合奏-口琴四重奏,高中職,葛利格,陳鴻儀,HAPA,,,,https://web.arte.gov.tw/music/upfile/history/團體/室內樂合奏-口琴四重奏.xls,官方歷年指定曲目 XLS：室內樂合奏-口琴四重奏,,official-xls,2026-07-03,團體/四重奏/歷年指定曲,
hist-qt-095-061,月河,,95,口琴四重奏,室內樂合奏-口琴四重奏,大專,Henry Mancini,陳鴻儀,HAPA,,,,https://web.arte.gov.tw/music/upfile/history/團體/室內樂合奏-口琴四重奏.xls,官方歷年指定曲目 XLS：室內樂合奏-口琴四重奏,,official-xls,2026-07-03,團體/四重奏/歷年指定曲,
hist-qt-095-062,傜之舞曲,,95,口琴四重奏,室內樂合奏-口琴四重奏,大專,茅阮‧劉鐵山,Jason,茱蒂口琴樂團,,,,https://web.arte.gov.tw/music/upfile/history/團體/室內樂合奏-口琴四重奏.xls,官方歷年指定曲目 XLS：室內樂合奏-口琴四重奏,,official-xls,2026-07-03,團體/四重奏/歷年指定曲,
hist-qt-096-063,1.杜鵑圓舞曲,,96,口琴四重奏,室內樂合奏-口琴四重奏,國中組,Janason,蕭莉君,台北黃石口琴樂團,,,,https://web.arte.gov.tw/music/upfile/history/團體/室內樂合奏-口琴四重奏.xls,官方歷年指定曲目 XLS：室內樂合奏-口琴四重奏,,official-xls,2026-07-03,團體/四重奏/歷年指定曲,
hist-qt-096-064,2.史溫尼河,,96,口琴四重奏,室內樂合奏-口琴四重奏,國中組,英國民謠,盧鴻麟,台灣口琴藝術促進會,,,,https://web.arte.gov.tw/music/upfile/history/團體/室內樂合奏-口琴四重奏.xls,官方歷年指定曲目 XLS：室內樂合奏-口琴四重奏,,official-xls,2026-07-03,團體/四重奏/歷年指定曲,
hist-qt-096-065,3.倫敦橋,,96,口琴四重奏,室內樂合奏-口琴四重奏,國中組,英國民謠,陳鴻儀,台灣口琴藝術促進會,,,,https://web.arte.gov.tw/music/upfile/history/團體/室內樂合奏-口琴四重奏.xls,官方歷年指定曲目 XLS：室內樂合奏-口琴四重奏,,official-xls,2026-07-03,團體/四重奏/歷年指定曲,
hist-qt-096-066,1.遞郵馬車,,96,口琴四重奏,室內樂合奏-口琴四重奏,高中職組,H. Nick,蕭莉君,台北黃石口琴樂團,,,,https://web.arte.gov.tw/music/upfile/history/團體/室內樂合奏-口琴四重奏.xls,官方歷年指定曲目 XLS：室內樂合奏-口琴四重奏,,official-xls,2026-07-03,團體/四重奏/歷年指定曲,
hist-qt-096-067,2.撥揍波卡舞曲,,96,口琴四重奏,室內樂合奏-口琴四重奏,高中職組,J. Strauss,陳鴻儀,台灣口琴藝術促進會,,,,https://web.arte.gov.tw/music/upfile/history/團體/室內樂合奏-口琴四重奏.xls,官方歷年指定曲目 XLS：室內樂合奏-口琴四重奏,,official-xls,2026-07-03,團體/四重奏/歷年指定曲,
hist-qt-096-068,3.古老的大鐘,,96,口琴四重奏,室內樂合奏-口琴四重奏,高中職組,平井堅,蕭麗君,台灣口琴藝術促進會,,,,https://web.arte.gov.tw/music/upfile/history/團體/室內樂合奏-口琴四重奏.xls,官方歷年指定曲目 XLS：室內樂合奏-口琴四重奏,,official-xls,2026-07-03,團體/四重奏/歷年指定曲,
hist-qt-096-069,1.西班牙鬥牛舞,,96,口琴四重奏,室內樂合奏-口琴四重奏,大專組,佚名,蕭莉君,台北黃石口琴樂團,,,,https://web.arte.gov.tw/music/upfile/history/團體/室內樂合奏-口琴四重奏.xls,官方歷年指定曲目 XLS：室內樂合奏-口琴四重奏,,official-xls,2026-07-03,團體/四重奏/歷年指定曲,
hist-qt-096-070,2.懶惰蟲,,96,口琴四重奏,室內樂合奏-口琴四重奏,大專組,外國童謠,盧鴻麟,台灣口琴藝術促進會,,,,https://web.arte.gov.tw/music/upfile/history/團體/室內樂合奏-口琴四重奏.xls,官方歷年指定曲目 XLS：室內樂合奏-口琴四重奏,,official-xls,2026-07-03,團體/四重奏/歷年指定曲,
hist-qt-096-071,3.俄國民謠組曲,,96,口琴四重奏,室內樂合奏-口琴四重奏,大專組,俄國民謠,陳鴻儀,台灣口琴藝術促進會,,,,https://web.arte.gov.tw/music/upfile/history/團體/室內樂合奏-口琴四重奏.xls,官方歷年指定曲目 XLS：室內樂合奏-口琴四重奏,,official-xls,2026-07-03,團體/四重奏/歷年指定曲,
hist-qt-097-072,快樂的出航,,97,口琴四重奏,室內樂合奏-口琴四重奏,國中組,日本民謠,曾國穩,台灣口琴藝術促進會,,,,https://web.arte.gov.tw/music/upfile/history/團體/室內樂合奏-口琴四重奏.xls,官方歷年指定曲目 XLS：室內樂合奏-口琴四重奏,,official-xls,2026-07-03,團體/四重奏/歷年指定曲,
hist-qt-097-073,昨日重現,,97,口琴四重奏,室內樂合奏-口琴四重奏,國中組,Richard Carpenter,茒永泰,高雄天韻口琴樂團,,,,https://web.arte.gov.tw/music/upfile/history/團體/室內樂合奏-口琴四重奏.xls,官方歷年指定曲目 XLS：室內樂合奏-口琴四重奏,,official-xls,2026-07-03,團體/四重奏/歷年指定曲,
hist-qt-097-074,茉莉花,,97,口琴四重奏,室內樂合奏-口琴四重奏,國中組,江蘇民謠,廖訓禎,台灣口琴藝術促進會,,,,https://web.arte.gov.tw/music/upfile/history/團體/室內樂合奏-口琴四重奏.xls,官方歷年指定曲目 XLS：室內樂合奏-口琴四重奏,,official-xls,2026-07-03,團體/四重奏/歷年指定曲,
hist-qt-097-075,只要我長大,,97,口琴四重奏,室內樂合奏-口琴四重奏,高中職組,童謠,廖訓禎,台灣口琴藝術促進會,,,,https://web.arte.gov.tw/music/upfile/history/團體/室內樂合奏-口琴四重奏.xls,官方歷年指定曲目 XLS：室內樂合奏-口琴四重奏,,official-xls,2026-07-03,團體/四重奏/歷年指定曲,
hist-qt-097-076,G調小步舞曲,,97,口琴四重奏,室內樂合奏-口琴四重奏,高中職組,,楊樹琳,台灣口琴藝術促進會,,,,https://web.arte.gov.tw/music/upfile/history/團體/室內樂合奏-口琴四重奏.xls,官方歷年指定曲目 XLS：室內樂合奏-口琴四重奏,,official-xls,2026-07-03,團體/四重奏/歷年指定曲,
hist-qt-097-077,探戈夜曲,,97,口琴四重奏,室內樂合奏-口琴四重奏,高中職組,Robin Thomas,陳鴻儀,台灣口琴藝術促進會,,,,https://web.arte.gov.tw/music/upfile/history/團體/室內樂合奏-口琴四重奏.xls,官方歷年指定曲目 XLS：室內樂合奏-口琴四重奏,,official-xls,2026-07-03,團體/四重奏/歷年指定曲,
hist-qt-097-078,高砂島舞曲,,97,口琴四重奏,室內樂合奏-口琴四重奏,大專組,舞曲,盧鴻麟,台灣口琴藝術促進會,,,,https://web.arte.gov.tw/music/upfile/history/團體/室內樂合奏-口琴四重奏.xls,官方歷年指定曲目 XLS：室內樂合奏-口琴四重奏,,official-xls,2026-07-03,團體/四重奏/歷年指定曲,
hist-qt-097-079,Theme''from Symphony No.3 Op.90 3rd Movement,,97,口琴四重奏,室內樂合奏-口琴四重奏,大專組,J. Brahms,陳嘉謨,台灣口琴藝術促進會,,,,https://web.arte.gov.tw/music/upfile/history/團體/室內樂合奏-口琴四重奏.xls,官方歷年指定曲目 XLS：室內樂合奏-口琴四重奏,,official-xls,2026-07-03,團體/四重奏/歷年指定曲,
hist-qt-097-080,夢的探戈,,97,口琴四重奏,室內樂合奏-口琴四重奏,大專組,E.V.Malderen,陳鴻儀,台灣口琴藝術促進會,,,,https://web.arte.gov.tw/music/upfile/history/團體/室內樂合奏-口琴四重奏.xls,官方歷年指定曲目 XLS：室內樂合奏-口琴四重奏,,official-xls,2026-07-03,團體/四重奏/歷年指定曲,
hist-qt-098-081,愛爾蘭民謠組曲 (Auld Lang Syne魂斷藍橋/Londonderry Air倫敦德里小調,,98,口琴四重奏,室內樂合奏-口琴四重奏,國中組,愛爾蘭民謠,陳鴻儀,台灣口琴藝術促進會,,,,https://web.arte.gov.tw/music/upfile/history/團體/室內樂合奏-口琴四重奏.xls,官方歷年指定曲目 XLS：室內樂合奏-口琴四重奏,,official-xls,2026-07-03,團體/四重奏/歷年指定曲,
hist-qt-098-082,孤挺花,,98,口琴四重奏,室內樂合奏-口琴四重奏,國中組,Henry Chys,吳常熙,台中市中華口琴會,,,,https://web.arte.gov.tw/music/upfile/history/團體/室內樂合奏-口琴四重奏.xls,官方歷年指定曲目 XLS：室內樂合奏-口琴四重奏,,official-xls,2026-07-03,團體/四重奏/歷年指定曲,
hist-qt-098-083,土耳其進行曲,,98,口琴四重奏,室內樂合奏-口琴四重奏,國中組,貝多芬,劉志明,高雄市兒童口琴樂團,,,,https://web.arte.gov.tw/music/upfile/history/團體/室內樂合奏-口琴四重奏.xls,官方歷年指定曲目 XLS：室內樂合奏-口琴四重奏,,official-xls,2026-07-03,團體/四重奏/歷年指定曲,
hist-qt-098-084,梭羅河畔,,98,口琴四重奏,室內樂合奏-口琴四重奏,高中職組,爪哇民謠,蕭莉君,台灣口琴藝術促進會,,,,https://web.arte.gov.tw/music/upfile/history/團體/室內樂合奏-口琴四重奏.xls,官方歷年指定曲目 XLS：室內樂合奏-口琴四重奏,,official-xls,2026-07-03,團體/四重奏/歷年指定曲,
hist-qt-098-085,C大調卡農,,98,口琴四重奏,室內樂合奏-口琴四重奏,高中職組,J. Pachelbel,陳鴻儀,台灣口琴藝術促進會,,,,https://web.arte.gov.tw/music/upfile/history/團體/室內樂合奏-口琴四重奏.xls,官方歷年指定曲目 XLS：室內樂合奏-口琴四重奏,,official-xls,2026-07-03,團體/四重奏/歷年指定曲,
hist-qt-098-086,Fly Me To The Moon,,98,口琴四重奏,室內樂合奏-口琴四重奏,高中職組,Bart Howard,吳常熙,台中市中華口琴會,,,,https://web.arte.gov.tw/music/upfile/history/團體/室內樂合奏-口琴四重奏.xls,官方歷年指定曲目 XLS：室內樂合奏-口琴四重奏,,official-xls,2026-07-03,團體/四重奏/歷年指定曲,
hist-qt-098-087,橄欖的首飾,,98,口琴四重奏,室內樂合奏-口琴四重奏,大專組,C.Morgan,盧鴻麟,台灣口琴藝術促進會,,,,https://web.arte.gov.tw/music/upfile/history/團體/室內樂合奏-口琴四重奏.xls,官方歷年指定曲目 XLS：室內樂合奏-口琴四重奏,,official-xls,2026-07-03,團體/四重奏/歷年指定曲,
hist-qt-098-088,纜車之歌,,98,口琴四重奏,室內樂合奏-口琴四重奏,大專組,義大利民謠,陳鴻儀,台灣口琴藝術促進會,,,,https://web.arte.gov.tw/music/upfile/history/團體/室內樂合奏-口琴四重奏.xls,官方歷年指定曲目 XLS：室內樂合奏-口琴四重奏,,official-xls,2026-07-03,團體/四重奏/歷年指定曲,
hist-qt-098-089,香榭大道,,98,口琴四重奏,室內樂合奏-口琴四重奏,大專組,鄭柏秋,劉志明,高雄市兒童口琴樂團,,,,https://web.arte.gov.tw/music/upfile/history/團體/室內樂合奏-口琴四重奏.xls,官方歷年指定曲目 XLS：室內樂合奏-口琴四重奏,,official-xls,2026-07-03,團體/四重奏/歷年指定曲,
hist-qt-099-090,月光,,99,口琴四重奏,室內樂合奏-口琴四重奏,國中組,橋木淳,盧鴻麟,台灣口琴藝術促進會,,,,https://web.arte.gov.tw/music/upfile/history/團體/室內樂合奏-口琴四重奏.xls,官方歷年指定曲目 XLS：室內樂合奏-口琴四重奏,,official-xls,2026-07-03,團體/四重奏/歷年指定曲,
hist-qt-099-091,雨的旋律,,99,口琴四重奏,室內樂合奏-口琴四重奏,國中組,J. Gnmmoe,陳晟禕,狂響口琴樂團 http://blog.xuite.net/rhapsody/blog,,,,https://web.arte.gov.tw/music/upfile/history/團體/室內樂合奏-口琴四重奏.xls,官方歷年指定曲目 XLS：室內樂合奏-口琴四重奏,,official-xls,2026-07-03,團體/四重奏/歷年指定曲,
hist-qt-099-092,雨夜花,,99,口琴四重奏,室內樂合奏-口琴四重奏,國中組,鄧雨賢 / 周添旺,陳晟禕,狂響口琴樂團 http://blog.xuite.net/rhapsody/blog,,,,https://web.arte.gov.tw/music/upfile/history/團體/室內樂合奏-口琴四重奏.xls,官方歷年指定曲目 XLS：室內樂合奏-口琴四重奏,,official-xls,2026-07-03,團體/四重奏/歷年指定曲,
hist-qt-099-093,洋娃娃之夢,,99,口琴四重奏,室內樂合奏-口琴四重奏,高中職組,T. Oesten,盧怡臻,茱蒂口琴樂團,,,,https://web.arte.gov.tw/music/upfile/history/團體/室內樂合奏-口琴四重奏.xls,官方歷年指定曲目 XLS：室內樂合奏-口琴四重奏,,official-xls,2026-07-03,團體/四重奏/歷年指定曲,
hist-qt-099-094,納歐米之夢 I Dream of Naomi,,99,口琴四重奏,室內樂合奏-口琴四重奏,高中職組,D. Krivoshei,陳鴻儀,台灣口琴藝術促進會,,,,https://web.arte.gov.tw/music/upfile/history/團體/室內樂合奏-口琴四重奏.xls,官方歷年指定曲目 XLS：室內樂合奏-口琴四重奏,,official-xls,2026-07-03,團體/四重奏/歷年指定曲,
hist-qt-099-095,Flute Quartett in C Allegro,,99,口琴四重奏,室內樂合奏-口琴四重奏,高中職組,莫札特,劉志明,高雄市兒童口琴樂團,,,,https://web.arte.gov.tw/music/upfile/history/團體/室內樂合奏-口琴四重奏.xls,官方歷年指定曲目 XLS：室內樂合奏-口琴四重奏,,official-xls,2026-07-03,團體/四重奏/歷年指定曲,
hist-qt-099-096,黎明變調 Harmonicadence-Part2: Dawn Breaks,,99,口琴四重奏,室內樂合奏-口琴四重奏,大專組,S. Gronich,陳晟禕,狂響口琴樂團 http://blog.xuite.net/rhapsody/blog,,,,https://web.arte.gov.tw/music/upfile/history/團體/室內樂合奏-口琴四重奏.xls,官方歷年指定曲目 XLS：室內樂合奏-口琴四重奏,,official-xls,2026-07-03,團體/四重奏/歷年指定曲,
hist-qt-099-097,花之二重唱-選自德利柏歌劇「拉克美」 Flower Dueu From 《Lakme》,,99,口琴四重奏,室內樂合奏-口琴四重奏,大專組,L. Delibes,陳晟禕,狂響口琴樂團 http://blog.xuite.net/rhapsody/blog,,,,https://web.arte.gov.tw/music/upfile/history/團體/室內樂合奏-口琴四重奏.xls,官方歷年指定曲目 XLS：室內樂合奏-口琴四重奏,,official-xls,2026-07-03,團體/四重奏/歷年指定曲,
hist-qt-099-098,“Theme“ from Symphony No.3 Op.90，3rd mov.,,99,口琴四重奏,室內樂合奏-口琴四重奏,大專組,J. Brahms,陳嘉謨(2009年版),台灣口琴藝術促進會,,,,https://web.arte.gov.tw/music/upfile/history/團體/室內樂合奏-口琴四重奏.xls,官方歷年指定曲目 XLS：室內樂合奏-口琴四重奏,,official-xls,2026-07-03,團體/四重奏/歷年指定曲,
hist-qt-100-099,大黃蜂布基組曲,,100,口琴四重奏,室內樂合奏-口琴四重奏,國中組,,陳鴻儀,台灣口琴藝術促進會,,,,https://web.arte.gov.tw/music/upfile/history/團體/室內樂合奏-口琴四重奏.xls,官方歷年指定曲目 XLS：室內樂合奏-口琴四重奏,,official-xls,2026-07-03,團體/四重奏/歷年指定曲,
hist-qt-100-100,藝人,,100,口琴四重奏,室內樂合奏-口琴四重奏,國中組,Scott Joplin,Harmonica Quartett AustriaQ. H. E.改編,Quarter口琴樂團,,,,https://web.arte.gov.tw/music/upfile/history/團體/室內樂合奏-口琴四重奏.xls,官方歷年指定曲目 XLS：室內樂合奏-口琴四重奏,,official-xls,2026-07-03,團體/四重奏/歷年指定曲,
hist-qt-100-101,白鴿寄情Paloma Blanca,,100,口琴四重奏,室內樂合奏-口琴四重奏,國中組,西洋名曲,陳鴻儀,台灣口琴藝術促進會,,,,https://web.arte.gov.tw/music/upfile/history/團體/室內樂合奏-口琴四重奏.xls,官方歷年指定曲目 XLS：室內樂合奏-口琴四重奏,,official-xls,2026-07-03,團體/四重奏/歷年指定曲,
hist-qt-100-102,What A Wonderful World,,100,口琴四重奏,室內樂合奏-口琴四重奏,高中職組,L. Armstrong,吳常熙,台中市中華口琴會,,,,https://web.arte.gov.tw/music/upfile/history/團體/室內樂合奏-口琴四重奏.xls,官方歷年指定曲目 XLS：室內樂合奏-口琴四重奏,,official-xls,2026-07-03,團體/四重奏/歷年指定曲,
hist-qt-100-103,’ Theme ’ from Symphony No.3 Op.90， 3rd mov.,,100,口琴四重奏,室內樂合奏-口琴四重奏,高中職組,J. Brahms,陳嘉謨,台灣口琴藝術促進會,,,,https://web.arte.gov.tw/music/upfile/history/團體/室內樂合奏-口琴四重奏.xls,官方歷年指定曲目 XLS：室內樂合奏-口琴四重奏,,official-xls,2026-07-03,團體/四重奏/歷年指定曲,
hist-qt-100-104,Peacherine Rag,,100,口琴四重奏,室內樂合奏-口琴四重奏,高中職組,Scott Joplin,Q. H. E.改編,Quarter口琴樂團,,,,https://web.arte.gov.tw/music/upfile/history/團體/室內樂合奏-口琴四重奏.xls,官方歷年指定曲目 XLS：室內樂合奏-口琴四重奏,,official-xls,2026-07-03,團體/四重奏/歷年指定曲,
hist-qt-100-105,哈巴奈拉舞曲,,100,口琴四重奏,室內樂合奏-口琴四重奏,大專組,A. Alba,陳鴻儀,台灣口琴藝術促進會,,,,https://web.arte.gov.tw/music/upfile/history/團體/室內樂合奏-口琴四重奏.xls,官方歷年指定曲目 XLS：室內樂合奏-口琴四重奏,,official-xls,2026-07-03,團體/四重奏/歷年指定曲,
hist-qt-100-106,大海啊故鄉,,100,口琴四重奏,室內樂合奏-口琴四重奏,大專組,王立平曲,盧鴻麟,台灣口琴藝術促進會,,,,https://web.arte.gov.tw/music/upfile/history/團體/室內樂合奏-口琴四重奏.xls,官方歷年指定曲目 XLS：室內樂合奏-口琴四重奏,,official-xls,2026-07-03,團體/四重奏/歷年指定曲,
hist-qt-100-107,橄欖的首飾,,100,口琴四重奏,室內樂合奏-口琴四重奏,大專組,C. Morgan,盧鴻麟,台灣口琴藝術促進會,,,,https://web.arte.gov.tw/music/upfile/history/團體/室內樂合奏-口琴四重奏.xls,官方歷年指定曲目 XLS：室內樂合奏-口琴四重奏,,official-xls,2026-07-03,團體/四重奏/歷年指定曲,
hist-qt-101-108,野宴,,101,口琴四重奏,室內樂合奏-口琴四重奏,國中團體組,吳常熙,Judy’s口琴樂團,,,,,https://web.arte.gov.tw/music/upfile/history/團體/室內樂合奏-口琴四重奏.xls,官方歷年指定曲目 XLS：室內樂合奏-口琴四重奏,,official-xls,2026-07-03,團體/四重奏/歷年指定曲,
hist-qt-101-109,彩雲追月,,101,口琴四重奏,室內樂合奏-口琴四重奏,國中團體組,任光、聶耳,陳鴻儀,,,,,https://web.arte.gov.tw/music/upfile/history/團體/室內樂合奏-口琴四重奏.xls,官方歷年指定曲目 XLS：室內樂合奏-口琴四重奏,,official-xls,2026-07-03,團體/四重奏/歷年指定曲,
hist-qt-101-110,古老的大鐘,,101,口琴四重奏,室內樂合奏-口琴四重奏,國中團體組,Henry Clay Work,蕭莉君,,,,,https://web.arte.gov.tw/music/upfile/history/團體/室內樂合奏-口琴四重奏.xls,官方歷年指定曲目 XLS：室內樂合奏-口琴四重奏,,official-xls,2026-07-03,團體/四重奏/歷年指定曲,
hist-qt-101-111,法蘭德爾舞曲(Farandole),Farandole,101,口琴四重奏,室內樂合奏-口琴四重奏,高中職團體組,G. Bizet,陳鴻儀,,,,,https://web.arte.gov.tw/music/upfile/history/團體/室內樂合奏-口琴四重奏.xls,官方歷年指定曲目 XLS：室內樂合奏-口琴四重奏,,official-xls,2026-07-03,團體/四重奏/歷年指定曲,
hist-qt-101-112,聖者的行進,,101,口琴四重奏,室內樂合奏-口琴四重奏,高中職團體組,J. M. Black,Harmonica Quartett AustriaQ. H. E.,,,,,https://web.arte.gov.tw/music/upfile/history/團體/室內樂合奏-口琴四重奏.xls,官方歷年指定曲目 XLS：室內樂合奏-口琴四重奏,,official-xls,2026-07-03,團體/四重奏/歷年指定曲,
hist-qt-101-113,Caravan,,101,口琴四重奏,室內樂合奏-口琴四重奏,高中職團體組,D. Ellington and J. Tizol,陳鴻儀 陳瑤容,,,,,https://web.arte.gov.tw/music/upfile/history/團體/室內樂合奏-口琴四重奏.xls,官方歷年指定曲目 XLS：室內樂合奏-口琴四重奏,,official-xls,2026-07-03,團體/四重奏/歷年指定曲,
hist-qt-101-114,鳳陽花鼓,,101,口琴四重奏,室內樂合奏-口琴四重奏,大專團體組,安徽民謠,廖訓禎,,,,,https://web.arte.gov.tw/music/upfile/history/團體/室內樂合奏-口琴四重奏.xls,官方歷年指定曲目 XLS：室內樂合奏-口琴四重奏,,official-xls,2026-07-03,團體/四重奏/歷年指定曲,
hist-qt-101-115,C大調卡農,,101,口琴四重奏,室內樂合奏-口琴四重奏,大專團體組,J. Pachelbel,陳鴻儀,,,,,https://web.arte.gov.tw/music/upfile/history/團體/室內樂合奏-口琴四重奏.xls,官方歷年指定曲目 XLS：室內樂合奏-口琴四重奏,,official-xls,2026-07-03,團體/四重奏/歷年指定曲,
hist-qt-101-116,韃靼姑娘,,101,口琴四重奏,室內樂合奏-口琴四重奏,大專團體組,陳瑤容,,,,,,https://web.arte.gov.tw/music/upfile/history/團體/室內樂合奏-口琴四重奏.xls,官方歷年指定曲目 XLS：室內樂合奏-口琴四重奏,,official-xls,2026-07-03,團體/四重奏/歷年指定曲,
hist-qt-102-117,孤挺花,,102,口琴四重奏,室內樂合奏-口琴四重奏,國中團體組,H. Ghys,吳常熙,,,,,https://web.arte.gov.tw/music/upfile/history/團體/室內樂合奏-口琴四重奏.xls,官方歷年指定曲目 XLS：室內樂合奏-口琴四重奏,,official-xls,2026-07-03,團體/四重奏/歷年指定曲,
hist-qt-102-118,茉莉花,,102,口琴四重奏,室內樂合奏-口琴四重奏,國中團體組,江蘇民謠,廖訓禎,,,,,https://web.arte.gov.tw/music/upfile/history/團體/室內樂合奏-口琴四重奏.xls,官方歷年指定曲目 XLS：室內樂合奏-口琴四重奏,,official-xls,2026-07-03,團體/四重奏/歷年指定曲,
hist-qt-102-119,梭羅河畔,,102,口琴四重奏,室內樂合奏-口琴四重奏,國中團體組,爪哇民謠,盧鴻麟,,,,,https://web.arte.gov.tw/music/upfile/history/團體/室內樂合奏-口琴四重奏.xls,官方歷年指定曲目 XLS：室內樂合奏-口琴四重奏,,official-xls,2026-07-03,團體/四重奏/歷年指定曲,
hist-qt-102-120,Por Una Cabeza一步之遙(女人香探戈),女人香探戈,102,口琴四重奏,室內樂合奏-口琴四重奏,高中職團體組,C. Gardel,阮柏文,,,,,https://web.arte.gov.tw/music/upfile/history/團體/室內樂合奏-口琴四重奏.xls,官方歷年指定曲目 XLS：室內樂合奏-口琴四重奏,,official-xls,2026-07-03,團體/四重奏/歷年指定曲,
hist-qt-102-121,西班牙鬥牛舞曲,,102,口琴四重奏,室內樂合奏-口琴四重奏,高中職團體組,P. Maranina,盧鴻麟,,,,,https://web.arte.gov.tw/music/upfile/history/團體/室內樂合奏-口琴四重奏.xls,官方歷年指定曲目 XLS：室內樂合奏-口琴四重奏,,official-xls,2026-07-03,團體/四重奏/歷年指定曲,
hist-qt-102-122,拿波里之歌,,102,口琴四重奏,室內樂合奏-口琴四重奏,高中職團體組,P. Tchaikovsky,陳鴻儀,,,,,https://web.arte.gov.tw/music/upfile/history/團體/室內樂合奏-口琴四重奏.xls,官方歷年指定曲目 XLS：室內樂合奏-口琴四重奏,,official-xls,2026-07-03,團體/四重奏/歷年指定曲,
hist-qt-102-123,東方舞曲,,102,口琴四重奏,室內樂合奏-口琴四重奏,大專團體組,佚名,楊樹林,,,,,https://web.arte.gov.tw/music/upfile/history/團體/室內樂合奏-口琴四重奏.xls,官方歷年指定曲目 XLS：室內樂合奏-口琴四重奏,,official-xls,2026-07-03,團體/四重奏/歷年指定曲,
hist-qt-102-124,桃花開,,102,口琴四重奏,室內樂合奏-口琴四重奏,大專團體組,客家歌謠,盧鴻麟,,,,,https://web.arte.gov.tw/music/upfile/history/團體/室內樂合奏-口琴四重奏.xls,官方歷年指定曲目 XLS：室內樂合奏-口琴四重奏,,official-xls,2026-07-03,團體/四重奏/歷年指定曲,
hist-qt-102-125,棕色小壺Little Brown Jug,,102,口琴四重奏,室內樂合奏-口琴四重奏,大專團體組,美國民謠,陳鴻儀,,,,,https://web.arte.gov.tw/music/upfile/history/團體/室內樂合奏-口琴四重奏.xls,官方歷年指定曲目 XLS：室內樂合奏-口琴四重奏,,official-xls,2026-07-03,團體/四重奏/歷年指定曲,
hist-qt-103-126,倫敦橋,,103,口琴四重奏,室內樂合奏-口琴四重奏,國中團體組,英國民謠,陳鴻儀,,,,,https://web.arte.gov.tw/music/upfile/history/團體/室內樂合奏-口琴四重奏.xls,官方歷年指定曲目 XLS：室內樂合奏-口琴四重奏,,official-xls,2026-07-03,團體/四重奏/歷年指定曲,XLS出版社欄：限定版本
hist-qt-103-127,愛爾蘭民謠組曲 (Auld Lang Syne 魂斷藍橋/ Londonerry Air 倫敦德里小調),,103,口琴四重奏,室內樂合奏-口琴四重奏,國中團體組,愛爾蘭民謠,陳鴻儀,,,,,https://web.arte.gov.tw/music/upfile/history/團體/室內樂合奏-口琴四重奏.xls,官方歷年指定曲目 XLS：室內樂合奏-口琴四重奏,,official-xls,2026-07-03,團體/四重奏/歷年指定曲,XLS出版社欄：限定版本
hist-qt-103-128,C大調卡農,,103,口琴四重奏,室內樂合奏-口琴四重奏,國中團體組,J. Pachelbel,陳鴻儀,,,,,https://web.arte.gov.tw/music/upfile/history/團體/室內樂合奏-口琴四重奏.xls,官方歷年指定曲目 XLS：室內樂合奏-口琴四重奏,,official-xls,2026-07-03,團體/四重奏/歷年指定曲,XLS出版社欄：限定版本
hist-qt-103-129,Peacherine Rag,,103,口琴四重奏,室內樂合奏-口琴四重奏,高中職團體組,Scott Joplin,Q. H. E.改編,,,,,https://web.arte.gov.tw/music/upfile/history/團體/室內樂合奏-口琴四重奏.xls,官方歷年指定曲目 XLS：室內樂合奏-口琴四重奏,,official-xls,2026-07-03,團體/四重奏/歷年指定曲,
hist-qt-103-130,Pizzicato Polka 撥揍波卡舞曲,,103,口琴四重奏,室內樂合奏-口琴四重奏,高中職團體組,J. Strauss Jr.,陳鴻儀,,,,,https://web.arte.gov.tw/music/upfile/history/團體/室內樂合奏-口琴四重奏.xls,官方歷年指定曲目 XLS：室內樂合奏-口琴四重奏,,official-xls,2026-07-03,團體/四重奏/歷年指定曲,XLS出版社欄：限定版本
hist-qt-103-131,韃靼姑娘,,103,口琴四重奏,室內樂合奏-口琴四重奏,高中職團體組,陳瑤容,,,,,,https://web.arte.gov.tw/music/upfile/history/團體/室內樂合奏-口琴四重奏.xls,官方歷年指定曲目 XLS：室內樂合奏-口琴四重奏,,official-xls,2026-07-03,團體/四重奏/歷年指定曲,XLS出版社欄：限定版本
hist-qt-103-132,安娜波卡 Annen Polka,,103,口琴四重奏,室內樂合奏-口琴四重奏,大專團體組,J. Strauss,吳常熙,,,,,https://web.arte.gov.tw/music/upfile/history/團體/室內樂合奏-口琴四重奏.xls,官方歷年指定曲目 XLS：室內樂合奏-口琴四重奏,,official-xls,2026-07-03,團體/四重奏/歷年指定曲,
hist-qt-103-133,花之二重唱-選自 德利柏歌劇「拉克美」Flower Dueu From 《Lakme》,,103,口琴四重奏,室內樂合奏-口琴四重奏,大專團體組,L. Delibes,陳晟禕,,,,,https://web.arte.gov.tw/music/upfile/history/團體/室內樂合奏-口琴四重奏.xls,官方歷年指定曲目 XLS：室內樂合奏-口琴四重奏,,official-xls,2026-07-03,團體/四重奏/歷年指定曲,
hist-qt-103-134,豎笛波卡,,103,口琴四重奏,室內樂合奏-口琴四重奏,大專團體組,,盧鴻麟,,,,,https://web.arte.gov.tw/music/upfile/history/團體/室內樂合奏-口琴四重奏.xls,官方歷年指定曲目 XLS：室內樂合奏-口琴四重奏,,official-xls,2026-07-03,團體/四重奏/歷年指定曲,XLS出版社欄：限定版本
hist-qt-104-135,小奏鳴曲,,104,口琴四重奏,室內樂合奏-口琴四重奏,國中團體組,M. Clementi,姚舜凡,丸玩琴音樂,,,,https://web.arte.gov.tw/music/upfile/history/團體/室內樂合奏-口琴四重奏.xls,官方歷年指定曲目 XLS：室內樂合奏-口琴四重奏,,official-xls,2026-07-03,團體/四重奏/歷年指定曲,
hist-qt-104-136,古老的大鐘,,104,口琴四重奏,室內樂合奏-口琴四重奏,國中團體組,Henry Clay Work,蕭莉君,台灣口琴藝術促進會,,,,https://web.arte.gov.tw/music/upfile/history/團體/室內樂合奏-口琴四重奏.xls,官方歷年指定曲目 XLS：室內樂合奏-口琴四重奏,,official-xls,2026-07-03,團體/四重奏/歷年指定曲,
hist-qt-104-137,Spinning Song 紡歌,,104,口琴四重奏,室內樂合奏-口琴四重奏,國中團體組,Ellmenrich Albert,吳常熙,口琴雜誌社,,,,https://web.arte.gov.tw/music/upfile/history/團體/室內樂合奏-口琴四重奏.xls,官方歷年指定曲目 XLS：室內樂合奏-口琴四重奏,,official-xls,2026-07-03,團體/四重奏/歷年指定曲,
hist-qt-104-138,霧夜的路燈,,104,口琴四重奏,室內樂合奏-口琴四重奏,高中職團體組,郭芝苑,姚舜凡,丸玩琴音樂,,,,https://web.arte.gov.tw/music/upfile/history/團體/室內樂合奏-口琴四重奏.xls,官方歷年指定曲目 XLS：室內樂合奏-口琴四重奏,,official-xls,2026-07-03,團體/四重奏/歷年指定曲,
hist-qt-104-139,菅芒花的春天,,104,口琴四重奏,室內樂合奏-口琴四重奏,高中職團體組,郭芝苑,姚舜凡,丸玩琴音樂,,,,https://web.arte.gov.tw/music/upfile/history/團體/室內樂合奏-口琴四重奏.xls,官方歷年指定曲目 XLS：室內樂合奏-口琴四重奏,,official-xls,2026-07-03,團體/四重奏/歷年指定曲,
hist-qt-104-140,少年的我,,104,口琴四重奏,室內樂合奏-口琴四重奏,高中職團體組,李七牛,劉志明,高雄市口琴協會,,,,https://web.arte.gov.tw/music/upfile/history/團體/室內樂合奏-口琴四重奏.xls,官方歷年指定曲目 XLS：室內樂合奏-口琴四重奏,,official-xls,2026-07-03,團體/四重奏/歷年指定曲,
hist-qt-104-141,Badinerie,,104,口琴四重奏,室內樂合奏-口琴四重奏,大專團體組,Johann Sebastian Bach,吳常熙,口琴雜誌社,,,,https://web.arte.gov.tw/music/upfile/history/團體/室內樂合奏-口琴四重奏.xls,官方歷年指定曲目 XLS：室內樂合奏-口琴四重奏,,official-xls,2026-07-03,團體/四重奏/歷年指定曲,
hist-qt-104-142,口琴嬉遊曲之斯拉夫舞曲,,104,口琴四重奏,室內樂合奏-口琴四重奏,大專團體組,陳晟禕,陳晟禕,狂響口琴樂團,,,,https://web.arte.gov.tw/music/upfile/history/團體/室內樂合奏-口琴四重奏.xls,官方歷年指定曲目 XLS：室內樂合奏-口琴四重奏,,official-xls,2026-07-03,團體/四重奏/歷年指定曲,
hist-qt-104-143,憶兒時My Dear Old Sunny Home,,104,口琴四重奏,室內樂合奏-口琴四重奏,大專團體組,William S. Hays,劉志明,高雄市口琴協會,,,,https://web.arte.gov.tw/music/upfile/history/團體/室內樂合奏-口琴四重奏.xls,官方歷年指定曲目 XLS：室內樂合奏-口琴四重奏,,official-xls,2026-07-03,團體/四重奏/歷年指定曲,
hist-qt-105-144,梭羅河畔,,105,口琴四重奏,室內樂合奏-口琴四重奏,國中團體組,爪哇民謠,盧鴻麟,台灣口琴藝術促進會,,,,https://web.arte.gov.tw/music/upfile/history/團體/室內樂合奏-口琴四重奏.xls,官方歷年指定曲目 XLS：室內樂合奏-口琴四重奏,,official-xls,2026-07-03,團體/四重奏/歷年指定曲,
hist-qt-105-145,Sabre Dance(劍舞),劍舞,105,口琴四重奏,室內樂合奏-口琴四重奏,國中團體組,Aram Khachaturian,天狼星口琴樂團,天狼星口琴樂團,,,,https://web.arte.gov.tw/music/upfile/history/團體/室內樂合奏-口琴四重奏.xls,官方歷年指定曲目 XLS：室內樂合奏-口琴四重奏,,official-xls,2026-07-03,團體/四重奏/歷年指定曲,
hist-qt-105-146,Washington Square（華盛頓廣場）,華盛頓廣場,105,口琴四重奏,室內樂合奏-口琴四重奏,國中團體組,Bob Goldstein,陳鴻儀,台灣口琴藝術促進會,,,,https://web.arte.gov.tw/music/upfile/history/團體/室內樂合奏-口琴四重奏.xls,官方歷年指定曲目 XLS：室內樂合奏-口琴四重奏,,official-xls,2026-07-03,團體/四重奏/歷年指定曲,
hist-qt-105-147,鈕扣與蝴蝶結,,105,口琴四重奏,室內樂合奏-口琴四重奏,高中職團體組,電影主題曲,盧鴻麟,台灣口琴藝術促進會,,,,https://web.arte.gov.tw/music/upfile/history/團體/室內樂合奏-口琴四重奏.xls,官方歷年指定曲目 XLS：室內樂合奏-口琴四重奏,,official-xls,2026-07-03,團體/四重奏/歷年指定曲,
hist-qt-105-148,Manja's Dans,,105,口琴四重奏,室內樂合奏-口琴四重奏,高中職團體組,Jan Vuik,黃冠誌/天狼星口琴樂團,天狼星口琴樂團,,,,https://web.arte.gov.tw/music/upfile/history/團體/室內樂合奏-口琴四重奏.xls,官方歷年指定曲目 XLS：室內樂合奏-口琴四重奏,,official-xls,2026-07-03,團體/四重奏/歷年指定曲,
hist-qt-105-149,Baby Elephant Walk (小象行走),小象行走,105,口琴四重奏,室內樂合奏-口琴四重奏,高中職團體組,Henry Mancini,陳鴻儀、陳瑤容,台灣口琴藝術促進會,,,,https://web.arte.gov.tw/music/upfile/history/團體/室內樂合奏-口琴四重奏.xls,官方歷年指定曲目 XLS：室內樂合奏-口琴四重奏,,official-xls,2026-07-03,團體/四重奏/歷年指定曲,
hist-qt-105-150,棕色小壺 Little Brown Jug,,105,口琴四重奏,室內樂合奏-口琴四重奏,大專團體組,美國民謠,陳鴻儀,台灣口琴藝術促進會,,,,https://web.arte.gov.tw/music/upfile/history/團體/室內樂合奏-口琴四重奏.xls,官方歷年指定曲目 XLS：室內樂合奏-口琴四重奏,,official-xls,2026-07-03,團體/四重奏/歷年指定曲,
hist-qt-105-151,Brazil（巴西）,巴西,105,口琴四重奏,室內樂合奏-口琴四重奏,大專團體組,A.Barroso,陳鴻儀,台灣口琴藝術促進會,,,,https://web.arte.gov.tw/music/upfile/history/團體/室內樂合奏-口琴四重奏.xls,官方歷年指定曲目 XLS：室內樂合奏-口琴四重奏,,official-xls,2026-07-03,團體/四重奏/歷年指定曲,
hist-qt-105-152,邊疆舞曲,,105,口琴四重奏,室內樂合奏-口琴四重奏,大專團體組,中國民謠,楊樹林,台灣口琴藝術促進會,,,,https://web.arte.gov.tw/music/upfile/history/團體/室內樂合奏-口琴四重奏.xls,官方歷年指定曲目 XLS：室內樂合奏-口琴四重奏,,official-xls,2026-07-03,團體/四重奏/歷年指定曲,
hist-qt-106-153,Loch Lomond(羅莽湖畔),羅莽湖畔,106,口琴四重奏,室內樂合奏-口琴四重奏,國中團體組,蘇格蘭民謠,劉志明,高雄市口琴協會,,,,https://web.arte.gov.tw/music/upfile/history/團體/室內樂合奏-口琴四重奏.xls,官方歷年指定曲目 XLS：室內樂合奏-口琴四重奏,,official-xls,2026-07-03,團體/四重奏/歷年指定曲,
hist-qt-106-154,水上音樂 HWV 349: Alla Hornpipe,,106,口琴四重奏,室內樂合奏-口琴四重奏,國中團體組,G. F. Handel,天狼星口琴樂團,天狼星口琴樂團,,,,https://web.arte.gov.tw/music/upfile/history/團體/室內樂合奏-口琴四重奏.xls,官方歷年指定曲目 XLS：室內樂合奏-口琴四重奏,,official-xls,2026-07-03,團體/四重奏/歷年指定曲,
hist-qt-106-155,The Sailor Boy-小水手,,106,口琴四重奏,室內樂合奏-口琴四重奏,國中團體組,James Moody,陳晟禕,狂響口琴樂團,,,,https://web.arte.gov.tw/music/upfile/history/團體/室內樂合奏-口琴四重奏.xls,官方歷年指定曲目 XLS：室內樂合奏-口琴四重奏,,official-xls,2026-07-03,團體/四重奏/歷年指定曲,
hist-qt-106-156,客家本色,,106,口琴四重奏,室內樂合奏-口琴四重奏,國中團體組,涂敏恆,盧怡臻,Judy's 口琴樂團,,,,https://web.arte.gov.tw/music/upfile/history/團體/室內樂合奏-口琴四重奏.xls,官方歷年指定曲目 XLS：室內樂合奏-口琴四重奏,,official-xls,2026-07-03,團體/四重奏/歷年指定曲,
hist-qt-106-157,那雙看不見的手,,106,口琴四重奏,室內樂合奏-口琴四重奏,高中職團體組,台灣原民詩歌,劉志明,高雄市口琴協會,,,,https://web.arte.gov.tw/music/upfile/history/團體/室內樂合奏-口琴四重奏.xls,官方歷年指定曲目 XLS：室內樂合奏-口琴四重奏,,official-xls,2026-07-03,團體/四重奏/歷年指定曲,
hist-qt-106-158,Toi Toi Toi,,106,口琴四重奏,室內樂合奏-口琴四重奏,高中職團體組,俄國民謠,黃冠誌,天狼星口琴樂團,,,,https://web.arte.gov.tw/music/upfile/history/團體/室內樂合奏-口琴四重奏.xls,官方歷年指定曲目 XLS：室內樂合奏-口琴四重奏,,official-xls,2026-07-03,團體/四重奏/歷年指定曲,
hist-qt-106-159,馬車夫舞曲,,106,口琴四重奏,室內樂合奏-口琴四重奏,大專團體組,新疆維吾爾族民謠,廖訓禎,台灣口琴藝術促進會,,,,https://web.arte.gov.tw/music/upfile/history/團體/室內樂合奏-口琴四重奏.xls,官方歷年指定曲目 XLS：室內樂合奏-口琴四重奏,,official-xls,2026-07-03,團體/四重奏/歷年指定曲,
hist-qt-106-160,Le Petit Diable(小惡魔),小惡魔,106,口琴四重奏,室內樂合奏-口琴四重奏,大專團體組,James Moody,陳晟禕,狂響口琴樂團,,,,https://web.arte.gov.tw/music/upfile/history/團體/室內樂合奏-口琴四重奏.xls,官方歷年指定曲目 XLS：室內樂合奏-口琴四重奏,,official-xls,2026-07-03,團體/四重奏/歷年指定曲,
hist-qt-106-161,Pizzicato Polka from Sylvia,,106,口琴四重奏,室內樂合奏-口琴四重奏,大專團體組,Leo Delibes,陳鴻儀,台灣口琴藝術促進會,,,,https://web.arte.gov.tw/music/upfile/history/團體/室內樂合奏-口琴四重奏.xls,官方歷年指定曲目 XLS：室內樂合奏-口琴四重奏,,official-xls,2026-07-03,團體/四重奏/歷年指定曲,
hist-qt-107-162,Raindrops Keep Falling on My Head,,107,口琴四重奏,室內樂合奏-口琴四重奏,國中團體組,Hal David ＆ Burt Bacharach,天狼星口琴樂團,天狼星口琴樂團,,,,https://web.arte.gov.tw/music/upfile/history/團體/室內樂合奏-口琴四重奏.xls,官方歷年指定曲目 XLS：室內樂合奏-口琴四重奏,,official-xls,2026-07-03,團體/四重奏/歷年指定曲,
hist-qt-107-163,Harmonica Quartet R.41(口琴四重奏作品R.41),口琴四重奏作品R.41,107,口琴四重奏,室內樂合奏-口琴四重奏,國中團體組,蔡明勳,,獨特音樂（The Duet）工作室,,,,https://web.arte.gov.tw/music/upfile/history/團體/室內樂合奏-口琴四重奏.xls,官方歷年指定曲目 XLS：室內樂合奏-口琴四重奏,,official-xls,2026-07-03,團體/四重奏/歷年指定曲,
hist-qt-107-164,Cheek to Cheek,,107,口琴四重奏,室內樂合奏-口琴四重奏,國中團體組,Ella Fitzgerald,Quarter口琴樂團,Quarter口琴樂團,,,,https://web.arte.gov.tw/music/upfile/history/團體/室內樂合奏-口琴四重奏.xls,官方歷年指定曲目 XLS：室內樂合奏-口琴四重奏,,official-xls,2026-07-03,團體/四重奏/歷年指定曲,
hist-qt-107-165,Rag of Rags,,107,口琴四重奏,室內樂合奏-口琴四重奏,高中職團體組,David Bee,天狼星口琴樂團,天狼星口琴樂團,,,,https://web.arte.gov.tw/music/upfile/history/團體/室內樂合奏-口琴四重奏.xls,官方歷年指定曲目 XLS：室內樂合奏-口琴四重奏,,official-xls,2026-07-03,團體/四重奏/歷年指定曲,
hist-qt-107-166,春小川(春天的小溪),春天的小溪,107,口琴四重奏,室內樂合奏-口琴四重奏,高中職團體組,岡野貞一,劉志明,高雄市口琴協會,,,,https://web.arte.gov.tw/music/upfile/history/團體/室內樂合奏-口琴四重奏.xls,官方歷年指定曲目 XLS：室內樂合奏-口琴四重奏,,official-xls,2026-07-03,團體/四重奏/歷年指定曲,
hist-qt-107-167,Quien Sera(那是誰),那是誰,107,口琴四重奏,室內樂合奏-口琴四重奏,高中職團體組,Pablo Beltran Ruiz,盧鴻麟,台北黃石口琴樂團,,,,https://web.arte.gov.tw/music/upfile/history/團體/室內樂合奏-口琴四重奏.xls,官方歷年指定曲目 XLS：室內樂合奏-口琴四重奏,,official-xls,2026-07-03,團體/四重奏/歷年指定曲,
hist-qt-107-168,小星星變奏曲,,107,口琴四重奏,室內樂合奏-口琴四重奏,大專團體組,W. A. Mozart,陳瑤容,獨特音樂（The Duet）工作室,,,,https://web.arte.gov.tw/music/upfile/history/團體/室內樂合奏-口琴四重奏.xls,官方歷年指定曲目 XLS：室內樂合奏-口琴四重奏,,official-xls,2026-07-03,團體/四重奏/歷年指定曲,
hist-qt-107-169,La Playa(霧夜的約會),霧夜的約會,107,口琴四重奏,室內樂合奏-口琴四重奏,大專團體組,Jo Van Wetter,陳鴻儀,獨特音樂（The Duet）工作室,,,,https://web.arte.gov.tw/music/upfile/history/團體/室內樂合奏-口琴四重奏.xls,官方歷年指定曲目 XLS：室內樂合奏-口琴四重奏,,official-xls,2026-07-03,團體/四重奏/歷年指定曲,
hist-qt-107-170,荒城之月,,107,口琴四重奏,室內樂合奏-口琴四重奏,大專團體組,瀧廉太郎,劉志明,高雄市口琴協會,,,,https://web.arte.gov.tw/music/upfile/history/團體/室內樂合奏-口琴四重奏.xls,官方歷年指定曲目 XLS：室內樂合奏-口琴四重奏,,official-xls,2026-07-03,團體/四重奏/歷年指定曲,
hist-qt-108-171,Perfidia,,108,口琴四重奏,室內樂合奏-口琴四重奏,國中團體組,Alberto Domnguez,天狼星口琴樂團,天狼星口琴樂團編曲,,,,https://web.arte.gov.tw/music/upfile/history/團體/室內樂合奏-口琴四重奏.xls,官方歷年指定曲目 XLS：室內樂合奏-口琴四重奏,,official-xls,2026-07-03,團體/四重奏/歷年指定曲,
hist-qt-108-172,剪羊毛,,108,口琴四重奏,室內樂合奏-口琴四重奏,國中團體組,澳洲民謠,陳鴻儀,獨特音樂（The Duet）,,,,https://web.arte.gov.tw/music/upfile/history/團體/室內樂合奏-口琴四重奏.xls,官方歷年指定曲目 XLS：室內樂合奏-口琴四重奏,,official-xls,2026-07-03,團體/四重奏/歷年指定曲,
hist-qt-108-173,Harmonica Quartet R. 42(口琴四重奏作品R. 42),口琴四重奏作品R. 42,108,口琴四重奏,室內樂合奏-口琴四重奏,國中團體組,陳瑤容,,獨特音樂（The Duet）,,,,https://web.arte.gov.tw/music/upfile/history/團體/室內樂合奏-口琴四重奏.xls,官方歷年指定曲目 XLS：室內樂合奏-口琴四重奏,,official-xls,2026-07-03,團體/四重奏/歷年指定曲,
hist-qt-108-174,"Fata Morgana, Polka-mazurka Op. 330",,108,口琴四重奏,室內樂合奏-口琴四重奏,高中職團體組,J. B. Strauss,蔡明勳,獨特音樂（The Duet）,,,,https://web.arte.gov.tw/music/upfile/history/團體/室內樂合奏-口琴四重奏.xls,官方歷年指定曲目 XLS：室內樂合奏-口琴四重奏,,official-xls,2026-07-03,團體/四重奏/歷年指定曲,
hist-qt-108-175,Miami Beach Rumba（邁阿密海灘倫巴）,邁阿密海灘倫巴,108,口琴四重奏,室內樂合奏-口琴四重奏,高中職團體組,I. Fields,黃建程,獨特音樂（The Duet）,,,,https://web.arte.gov.tw/music/upfile/history/團體/室內樂合奏-口琴四重奏.xls,官方歷年指定曲目 XLS：室內樂合奏-口琴四重奏,,official-xls,2026-07-03,團體/四重奏/歷年指定曲,
hist-qt-108-176,夜來香,,108,口琴四重奏,室內樂合奏-口琴四重奏,高中職團體組,黎錦光,蕭莉君,台北黃石口琴樂團,,,,https://web.arte.gov.tw/music/upfile/history/團體/室內樂合奏-口琴四重奏.xls,官方歷年指定曲目 XLS：室內樂合奏-口琴四重奏,,official-xls,2026-07-03,團體/四重奏/歷年指定曲,
hist-qt-108-177,台灣幻想曲,,108,口琴四重奏,室內樂合奏-口琴四重奏,大專團體組,林家靖,,林家靖編曲,,,,https://web.arte.gov.tw/music/upfile/history/團體/室內樂合奏-口琴四重奏.xls,官方歷年指定曲目 XLS：室內樂合奏-口琴四重奏,,official-xls,2026-07-03,團體/四重奏/歷年指定曲,
hist-qt-108-178,Aloha Oe,,108,口琴四重奏,室內樂合奏-口琴四重奏,大專團體組,夏威夷民謠,劉志明,高雄市口琴協會,,,,https://web.arte.gov.tw/music/upfile/history/團體/室內樂合奏-口琴四重奏.xls,官方歷年指定曲目 XLS：室內樂合奏-口琴四重奏,,official-xls,2026-07-03,團體/四重奏/歷年指定曲,
hist-qt-108-179,莎韻之鐘,,108,口琴四重奏,室內樂合奏-口琴四重奏,大專團體組,古賀政男,盧鴻麟,台北黃石口琴樂團,,,,https://web.arte.gov.tw/music/upfile/history/團體/室內樂合奏-口琴四重奏.xls,官方歷年指定曲目 XLS：室內樂合奏-口琴四重奏,,official-xls,2026-07-03,團體/四重奏/歷年指定曲,
hist-qt-109-180,比翼鳥,,109,口琴四重奏,室內樂合奏-口琴四重奏,國中團體組,Kerry Mills,蘇當堯,鴿友口琴樂團,,,,https://web.arte.gov.tw/music/upfile/history/團體/室內樂合奏-口琴四重奏.xls,官方歷年指定曲目 XLS：室內樂合奏-口琴四重奏,,official-xls,2026-07-03,團體/四重奏/歷年指定曲,
hist-qt-109-181,Greensleeves,,109,口琴四重奏,室內樂合奏-口琴四重奏,國中團體組,English melody,蕭莉君,台北黃石口琴樂團,,,,https://web.arte.gov.tw/music/upfile/history/團體/室內樂合奏-口琴四重奏.xls,官方歷年指定曲目 XLS：室內樂合奏-口琴四重奏,,official-xls,2026-07-03,團體/四重奏/歷年指定曲,
hist-qt-109-182,小蜜蜂,,109,口琴四重奏,室內樂合奏-口琴四重奏,國中團體組,德國童謠,廖訓禎,廖訓禎2016年11月13日編,,,,https://web.arte.gov.tw/music/upfile/history/團體/室內樂合奏-口琴四重奏.xls,官方歷年指定曲目 XLS：室內樂合奏-口琴四重奏,,official-xls,2026-07-03,團體/四重奏/歷年指定曲,
hist-qt-109-183,匈牙利舞曲NO.10,,109,口琴四重奏,室內樂合奏-口琴四重奏,高中職團體組,Johannes Brahms,姚舜凡,丸玩琴音樂,,,,https://web.arte.gov.tw/music/upfile/history/團體/室內樂合奏-口琴四重奏.xls,官方歷年指定曲目 XLS：室內樂合奏-口琴四重奏,,official-xls,2026-07-03,團體/四重奏/歷年指定曲,
hist-qt-109-184,阿里山之歌,,109,口琴四重奏,室內樂合奏-口琴四重奏,高中職團體組,台灣鄒族民謠,廖訓禎,廖訓禎2016年11月13日編,,,,https://web.arte.gov.tw/music/upfile/history/團體/室內樂合奏-口琴四重奏.xls,官方歷年指定曲目 XLS：室內樂合奏-口琴四重奏,,official-xls,2026-07-03,團體/四重奏/歷年指定曲,
hist-qt-109-185,柯南主題曲,,109,口琴四重奏,室內樂合奏-口琴四重奏,高中職團體組,大野克夫,SIBM盧,台北黃石口琴樂團,,,,https://web.arte.gov.tw/music/upfile/history/團體/室內樂合奏-口琴四重奏.xls,官方歷年指定曲目 XLS：室內樂合奏-口琴四重奏,,official-xls,2026-07-03,團體/四重奏/歷年指定曲,
hist-qt-109-186,卡門序曲,,109,口琴四重奏,室內樂合奏-口琴四重奏,大專團體組,Georges Bizet,姚舜凡,丸玩琴音樂,,,,https://web.arte.gov.tw/music/upfile/history/團體/室內樂合奏-口琴四重奏.xls,官方歷年指定曲目 XLS：室內樂合奏-口琴四重奏,,official-xls,2026-07-03,團體/四重奏/歷年指定曲,
hist-qt-109-187,龍貓_散步,,109,口琴四重奏,室內樂合奏-口琴四重奏,大專團體組,久石讓,蘇當堯,鴿友口琴樂團,,,,https://web.arte.gov.tw/music/upfile/history/團體/室內樂合奏-口琴四重奏.xls,官方歷年指定曲目 XLS：室內樂合奏-口琴四重奏,,official-xls,2026-07-03,團體/四重奏/歷年指定曲,
hist-qt-109-188,All I Do Is Dream of You,,109,口琴四重奏,室內樂合奏-口琴四重奏,大專團體組,Nacio Herb Brown,林家靖,黃石樂器/音和樂器/狂響逗嘴鼓口琴樂坊,,,,https://web.arte.gov.tw/music/upfile/history/團體/室內樂合奏-口琴四重奏.xls,官方歷年指定曲目 XLS：室內樂合奏-口琴四重奏,,official-xls,2026-07-03,團體/四重奏/歷年指定曲,
hist-qt-110-189,Tree of Autumn(Harmonica Quartet R. 43),Harmonica Quartet R. 43,110,口琴四重奏,室內樂合奏-口琴四重奏,國中團體組,陳瑤容,,獨特音樂有限公司,,,,https://web.arte.gov.tw/music/upfile/history/團體/室內樂合奏-口琴四重奏.xls,官方歷年指定曲目 XLS：室內樂合奏-口琴四重奏,,official-xls,2026-07-03,團體/四重奏/歷年指定曲,
hist-qt-110-190,魅惑華爾滋,,110,口琴四重奏,室內樂合奏-口琴四重奏,國中團體組,F. Marchetti,蕭莉君,台北黃石口琴樂團,,,,https://web.arte.gov.tw/music/upfile/history/團體/室內樂合奏-口琴四重奏.xls,官方歷年指定曲目 XLS：室內樂合奏-口琴四重奏,,official-xls,2026-07-03,團體/四重奏/歷年指定曲,
hist-qt-110-191,I'm Popeye The Sailor Man,,110,口琴四重奏,室內樂合奏-口琴四重奏,國中團體組,Sammy Lerner,劉志明,高雄市口琴協會,,,,https://web.arte.gov.tw/music/upfile/history/團體/室內樂合奏-口琴四重奏.xls,官方歷年指定曲目 XLS：室內樂合奏-口琴四重奏,,official-xls,2026-07-03,團體/四重奏/歷年指定曲,
hist-qt-110-192,漂流瓶,,110,口琴四重奏,室內樂合奏-口琴四重奏,高中職團體組,李讓,,花影樂團,,,,https://web.arte.gov.tw/music/upfile/history/團體/室內樂合奏-口琴四重奏.xls,官方歷年指定曲目 XLS：室內樂合奏-口琴四重奏,,official-xls,2026-07-03,團體/四重奏/歷年指定曲,
hist-qt-110-193,天黑黑,,110,口琴四重奏,室內樂合奏-口琴四重奏,高中職團體組,台灣民謠,李讓,花影樂團,,,,https://web.arte.gov.tw/music/upfile/history/團體/室內樂合奏-口琴四重奏.xls,官方歷年指定曲目 XLS：室內樂合奏-口琴四重奏,,official-xls,2026-07-03,團體/四重奏/歷年指定曲,
hist-qt-110-194,花之圓舞曲,,110,口琴四重奏,室內樂合奏-口琴四重奏,高中職團體組,柴可夫斯基,SIBM盧,台北黃石口琴樂團,,,,https://web.arte.gov.tw/music/upfile/history/團體/室內樂合奏-口琴四重奏.xls,官方歷年指定曲目 XLS：室內樂合奏-口琴四重奏,,official-xls,2026-07-03,團體/四重奏/歷年指定曲,
hist-qt-110-195,茶花女,,110,口琴四重奏,室內樂合奏-口琴四重奏,大專團體組,威爾第,SIBM盧,台北黃石口琴樂團,,,,https://web.arte.gov.tw/music/upfile/history/團體/室內樂合奏-口琴四重奏.xls,官方歷年指定曲目 XLS：室內樂合奏-口琴四重奏,,official-xls,2026-07-03,團體/四重奏/歷年指定曲,
hist-qt-110-196,玫瑰玫瑰我愛你,,110,口琴四重奏,室內樂合奏-口琴四重奏,大專團體組,陳歌辛,陳鴻儀,獨特音樂有限公司,,,,https://web.arte.gov.tw/music/upfile/history/團體/室內樂合奏-口琴四重奏.xls,官方歷年指定曲目 XLS：室內樂合奏-口琴四重奏,,official-xls,2026-07-03,團體/四重奏/歷年指定曲,
hist-qt-110-197,綺麗的夜曲,,110,口琴四重奏,室內樂合奏-口琴四重奏,大專團體組,波爾瑪莉亞,SIBM盧,台北黃石口琴樂團,,,,https://web.arte.gov.tw/music/upfile/history/團體/室內樂合奏-口琴四重奏.xls,官方歷年指定曲目 XLS：室內樂合奏-口琴四重奏,,official-xls,2026-07-03,團體/四重奏/歷年指定曲,
hist-qt-111-198,十年日記,,111,口琴四重奏,室內樂合奏-口琴四重奏,國中團體組,李讓,李讓,花影樂團,,,,https://web.arte.gov.tw/music/upfile/history/團體/室內樂合奏-口琴四重奏.xls,官方歷年指定曲目 XLS：室內樂合奏-口琴四重奏,,official-xls,2026-07-03,團體/四重奏/歷年指定曲,
hist-qt-111-199,K467第二樂章,,111,口琴四重奏,室內樂合奏-口琴四重奏,國中團體組,莫札特,SIBM盧,台北黃石口琴樂團,,,,https://web.arte.gov.tw/music/upfile/history/團體/室內樂合奏-口琴四重奏.xls,官方歷年指定曲目 XLS：室內樂合奏-口琴四重奏,,official-xls,2026-07-03,團體/四重奏/歷年指定曲,
hist-qt-111-200,匈牙利舞曲第五號,,111,口琴四重奏,室內樂合奏-口琴四重奏,國中團體組,布拉姆斯,蕭莉君,台北黃石口琴樂團,,,,https://web.arte.gov.tw/music/upfile/history/團體/室內樂合奏-口琴四重奏.xls,官方歷年指定曲目 XLS：室內樂合奏-口琴四重奏,,official-xls,2026-07-03,團體/四重奏/歷年指定曲,
hist-qt-111-201,化裝舞會TANGO,,111,口琴四重奏,室內樂合奏-口琴四重奏,高中職團體組,Matos Rodrguez,SIBM盧,台北黃石口琴樂團,,,,https://web.arte.gov.tw/music/upfile/history/團體/室內樂合奏-口琴四重奏.xls,官方歷年指定曲目 XLS：室內樂合奏-口琴四重奏,,official-xls,2026-07-03,團體/四重奏/歷年指定曲,
hist-qt-111-202,阿爾班尼士之探戈,,111,口琴四重奏,室內樂合奏-口琴四重奏,高中職團體組,阿爾班尼士,陳鴻儀,獨特音樂有限公司,,,,https://web.arte.gov.tw/music/upfile/history/團體/室內樂合奏-口琴四重奏.xls,官方歷年指定曲目 XLS：室內樂合奏-口琴四重奏,,official-xls,2026-07-03,團體/四重奏/歷年指定曲,
hist-qt-111-203,第五號小提琴奏鳴曲春詼諧曲,,111,口琴四重奏,室內樂合奏-口琴四重奏,高中職團體組,貝多芬,陳晟禕,狂響口琴樂團,,,,https://web.arte.gov.tw/music/upfile/history/團體/室內樂合奏-口琴四重奏.xls,官方歷年指定曲目 XLS：室內樂合奏-口琴四重奏,,official-xls,2026-07-03,團體/四重奏/歷年指定曲,
hist-qt-111-204,口琴嬉遊曲第六樂章斯拉夫舞曲,,111,口琴四重奏,室內樂合奏-口琴四重奏,大專團體組,Gordon Jacob,陳晟禕,狂響口琴樂團,,,,https://web.arte.gov.tw/music/upfile/history/團體/室內樂合奏-口琴四重奏.xls,官方歷年指定曲目 XLS：室內樂合奏-口琴四重奏,,official-xls,2026-07-03,團體/四重奏/歷年指定曲,
hist-qt-111-205,Bubamara,,111,口琴四重奏,室內樂合奏-口琴四重奏,大專團體組,Nenad Jankovic and Dejan Sparavalo,天狼星口琴樂團,天狼星口琴樂團,,,,https://web.arte.gov.tw/music/upfile/history/團體/室內樂合奏-口琴四重奏.xls,官方歷年指定曲目 XLS：室內樂合奏-口琴四重奏,,official-xls,2026-07-03,團體/四重奏/歷年指定曲,
hist-qt-111-206,Delilah,,111,口琴四重奏,室內樂合奏-口琴四重奏,大專團體組,Barry Mason,劉志明,高雄市口琴協會,,,,https://web.arte.gov.tw/music/upfile/history/團體/室內樂合奏-口琴四重奏.xls,官方歷年指定曲目 XLS：室內樂合奏-口琴四重奏,,official-xls,2026-07-03,團體/四重奏/歷年指定曲,
hist-qt-112-207,F大調浪漫曲 (選段),選段,112,口琴四重奏,室內樂合奏-口琴四重奏,國中團體組,貝多芬,SIBM盧,台北黃石口琴樂團,,,,https://web.arte.gov.tw/music/upfile/history/團體/室內樂合奏-口琴四重奏.xls,官方歷年指定曲目 XLS：室內樂合奏-口琴四重奏,,official-xls,2026-07-03,團體/四重奏/歷年指定曲,
hist-qt-112-208,青春舞曲變奏曲,,112,口琴四重奏,室內樂合奏-口琴四重奏,國中團體組,新疆維吾爾族民謠,廖訓禎,台灣口琴樂團111年11月25日,,,,https://web.arte.gov.tw/music/upfile/history/團體/室內樂合奏-口琴四重奏.xls,官方歷年指定曲目 XLS：室內樂合奏-口琴四重奏,,official-xls,2026-07-03,團體/四重奏/歷年指定曲,
hist-qt-112-209,水上音樂 HWV 349: Alla Hornpipe,,112,口琴四重奏,室內樂合奏-口琴四重奏,國中團體組,G. F. Handel,天狼星口琴樂團,天狼星口琴樂團,,,,https://web.arte.gov.tw/music/upfile/history/團體/室內樂合奏-口琴四重奏.xls,官方歷年指定曲目 XLS：室內樂合奏-口琴四重奏,,official-xls,2026-07-03,團體/四重奏/歷年指定曲,
hist-qt-112-210,流浪者的悲哀,,112,口琴四重奏,室內樂合奏-口琴四重奏,高中職團體組,李在鎬,劉志明,高雄市口琴協會,,,,https://web.arte.gov.tw/music/upfile/history/團體/室內樂合奏-口琴四重奏.xls,官方歷年指定曲目 XLS：室內樂合奏-口琴四重奏,,official-xls,2026-07-03,團體/四重奏/歷年指定曲,
hist-qt-112-211,Pupu Ao Ewa (珍珠貝殼),珍珠貝殼,112,口琴四重奏,室內樂合奏-口琴四重奏,高中職團體組,夏威夷民謠,陳鴻儀,獨特音樂(The Duet)有限公司,,,,https://web.arte.gov.tw/music/upfile/history/團體/室內樂合奏-口琴四重奏.xls,官方歷年指定曲目 XLS：室內樂合奏-口琴四重奏,,official-xls,2026-07-03,團體/四重奏/歷年指定曲,
hist-qt-112-212,Rag of Rags,,112,口琴四重奏,室內樂合奏-口琴四重奏,高中職團體組,David Bee,天狼星口琴樂團,天狼星口琴樂團,,,,https://web.arte.gov.tw/music/upfile/history/團體/室內樂合奏-口琴四重奏.xls,官方歷年指定曲目 XLS：室內樂合奏-口琴四重奏,,official-xls,2026-07-03,團體/四重奏/歷年指定曲,
hist-qt-112-213,義大利波卡,,112,口琴四重奏,室內樂合奏-口琴四重奏,大專團體組,拉赫曼尼諾夫,林家靖,林家靖,,,,https://web.arte.gov.tw/music/upfile/history/團體/室內樂合奏-口琴四重奏.xls,官方歷年指定曲目 XLS：室內樂合奏-口琴四重奏,,official-xls,2026-07-03,團體/四重奏/歷年指定曲,
hist-qt-112-214,阿里山之歌,,112,口琴四重奏,室內樂合奏-口琴四重奏,大專團體組,台灣鄒族民謠,廖訓禎,台灣口琴樂團合奏曲集111年11月16日,,,,https://web.arte.gov.tw/music/upfile/history/團體/室內樂合奏-口琴四重奏.xls,官方歷年指定曲目 XLS：室內樂合奏-口琴四重奏,,official-xls,2026-07-03,團體/四重奏/歷年指定曲,
hist-qt-112-215,臺灣幻想曲,,112,口琴四重奏,室內樂合奏-口琴四重奏,大專團體組,林家靖,,林家靖編曲,,,,https://web.arte.gov.tw/music/upfile/history/團體/室內樂合奏-口琴四重奏.xls,官方歷年指定曲目 XLS：室內樂合奏-口琴四重奏,,official-xls,2026-07-03,團體/四重奏/歷年指定曲,
hist-qt-113-216,平衡木,,113,口琴四重奏,室內樂合奏-口琴四重奏,國中團體組,林家靖,,林家靖,,,,https://web.arte.gov.tw/music/upfile/history/團體/室內樂合奏-口琴四重奏.xls,官方歷年指定曲目 XLS：室內樂合奏-口琴四重奏,,official-xls,2026-07-03,團體/四重奏/歷年指定曲,
hist-qt-113-217,天黑黑,,113,口琴四重奏,室內樂合奏-口琴四重奏,國中團體組,林福裕,李讓,花影樂團,,,,https://web.arte.gov.tw/music/upfile/history/團體/室內樂合奏-口琴四重奏.xls,官方歷年指定曲目 XLS：室內樂合奏-口琴四重奏,,official-xls,2026-07-03,團體/四重奏/歷年指定曲,
hist-qt-113-218,莫札特F大調小步舞曲,,113,口琴四重奏,室內樂合奏-口琴四重奏,國中團體組,W. A. Mozart,盧怡臻,茱蒂口琴樂團,,,,https://web.arte.gov.tw/music/upfile/history/團體/室內樂合奏-口琴四重奏.xls,官方歷年指定曲目 XLS：室內樂合奏-口琴四重奏,,official-xls,2026-07-03,團體/四重奏/歷年指定曲,
hist-qt-113-219,六月茉莉,,113,口琴四重奏,室內樂合奏-口琴四重奏,高中職團體組,嘉南民謠,李讓,簧格藝創工作室,,,,https://web.arte.gov.tw/music/upfile/history/團體/室內樂合奏-口琴四重奏.xls,官方歷年指定曲目 XLS：室內樂合奏-口琴四重奏,,official-xls,2026-07-03,團體/四重奏/歷年指定曲,
hist-qt-113-220,Takie Tango,,113,口琴四重奏,室內樂合奏-口琴四重奏,高中職團體組,Romuald Lipko,范曉怡,狂響口琴樂團,,,,https://web.arte.gov.tw/music/upfile/history/團體/室內樂合奏-口琴四重奏.xls,官方歷年指定曲目 XLS：室內樂合奏-口琴四重奏,,official-xls,2026-07-03,團體/四重奏/歷年指定曲,
hist-qt-113-221,海上良宵,,113,口琴四重奏,室內樂合奏-口琴四重奏,高中職團體組,姚敏,陳鴻儀,獨特音樂(The Duet),,,,https://web.arte.gov.tw/music/upfile/history/團體/室內樂合奏-口琴四重奏.xls,官方歷年指定曲目 XLS：室內樂合奏-口琴四重奏,,official-xls,2026-07-03,團體/四重奏/歷年指定曲,
hist-qt-113-222,Harmonica Rag,,113,口琴四重奏,室內樂合奏-口琴四重奏,大專團體組,Toots Thielemans,林家靖,林家靖,,,,https://web.arte.gov.tw/music/upfile/history/團體/室內樂合奏-口琴四重奏.xls,官方歷年指定曲目 XLS：室內樂合奏-口琴四重奏,,official-xls,2026-07-03,團體/四重奏/歷年指定曲,
hist-qt-113-223,Stand by me,,113,口琴四重奏,室內樂合奏-口琴四重奏,大專團體組,"Ben E. King, Jerry Leiber and Mike Stoller",劉志明,高雄市口琴協會,,,,https://web.arte.gov.tw/music/upfile/history/團體/室內樂合奏-口琴四重奏.xls,官方歷年指定曲目 XLS：室內樂合奏-口琴四重奏,,official-xls,2026-07-03,團體/四重奏/歷年指定曲,
hist-qt-113-224,漂流瓶,,113,口琴四重奏,室內樂合奏-口琴四重奏,大專團體組,李讓,李讓,花影樂團,,,,https://web.arte.gov.tw/music/upfile/history/團體/室內樂合奏-口琴四重奏.xls,官方歷年指定曲目 XLS：室內樂合奏-口琴四重奏,,official-xls,2026-07-03,團體/四重奏/歷年指定曲,
hist-ens-pdf-112-clockstore,In a Clock Store 時鐘店,時鐘店,112,口琴合奏,口琴合奏,國小團體組,Charles Orth,Judy's口琴樂團,Judy's口琴樂團,,完整演奏,請洽Judy's口琴樂團,https://web.arte.gov.tw/music/upfile/history/112學年度全國學生音樂比賽指定曲_團體組.pdf,112學年度團體組指定曲 PDF,https://www.facebook.com/Judys.Harmonica.Ensemble/,official-pdf,2026-07-03,團體/合奏/歷年指定曲,官方單項 XLS 未列；依 112 學年度團體組 PDF 補入
hist-ens-pdf-105-letter15,"信,給15歲的你",,105,口琴合奏,口琴合奏,國中團體組,Angela Aki,Judy's口琴樂團,Judy's口琴樂團,,整曲演出,請洽Judy's口琴樂團,https://web.arte.gov.tw/music/upfile/history/105學年度全國學生音樂比賽指定曲_團體組.pdf,105學年度團體組指定曲 PDF,https://www.facebook.com/Judys.Harmonica.Ensemble/,official-pdf,2026-07-03,團體/合奏/歷年指定曲,官方單項 XLS 未列；依 105 學年度團體組 PDF 補入
